,abuseConfidenceScore,countryCode,domain,hostnames,ipAddress,ipVersion,isPublic,isWhitelisted,isp,lastReportedAt,numDistinctUsers,totalReports,url,usageType
0,0,,github.com,['1.2.3.4.alibab'],59.253.67.207,4,False,,Megatron,,0,0,https://www.abuseipdb.com/check/59.253.67.207,Reserved
1,0,,albina.com,['1.2.3.4.gooolge'],44.119.96.80,4,False,,Github,,0,0,https://www.abuseipdb.com/check/44.119.96.80,Reserved
2,0,US,albina.com,['1.2.3.4.alibab'],7.192.254.234,4,True,,Ocean,,0,0,https://www.abuseipdb.com/check/7.192.254.234,Data Center/Web Hosting/Transit
3,0,US,ocean.com,['1.2.3.4.megatron'],173.31.183.66,4,True,,Alibaba & Rozbojnics,,0,0,https://www.abuseipdb.com/check/173.31.183.66,Data Center/Web Hosting/Transit
4,0,DE,evilcorp.com,['1.2.3.4.alibab'],218.237.154.19,4,True,,Github,,0,0,https://www.abuseipdb.com/check/218.237.154.19,Content Delivery Network
5,0,DE,ocean.com,['1.2.3.4.tmitter'],2.80.215.42,4,True,,Cloudflare,,0,0,https://www.abuseipdb.com/check/2.80.215.42,Content Delivery Network
6,12,US,albina.com,['1.2.3.4.tmitter'],90.19.47.159,4,True,False,Cloudflare,2021-12-24T11:48:32+00:00,1,19,https://www.abuseipdb.com/check/90.19.47.159,Content Delivery Network
7,1,US,evilcorp.com,['1.2.3.4.tmitter'],62.218.193.136,4,True,False,Megatron,2021-12-14T14:07:07+00:00,1,19,https://www.abuseipdb.com/check/62.218.193.136,Content Delivery Network
8,1,US,ocean.com,['1.2.3.4.tmitter'],33.73.60.172,4,True,False,Megatron,2021-12-14T14:07:16+00:00,1,19,https://www.abuseipdb.com/check/33.73.60.172,Content Delivery Network
9,1,US,megatron.com,['1.2.3.4.alibab'],105.74.239.47,4,True,False,Twitter,2021-12-24T11:48:34+00:00,1,19,https://www.abuseipdb.com/check/105.74.239.47,Content Delivery Network
10,0,US,evilcorp.com,['1.2.3.4.alibab'],92.49.219.127,4,True,,Twitter,,0,0,https://www.abuseipdb.com/check/92.49.219.127,Content Delivery Network
11,0,US,twitter.com,['1.2.3.4.tmitter'],128.238.73.194,4,True,,Ocean,,0,0,https://www.abuseipdb.com/check/128.238.73.194,Content Delivery Network
12,0,US,megatron.com,['1.2.3.4.tmitter'],56.57.168.15,4,True,False,Twitter,2021-12-24T11:48:34+00:00,0,0,https://www.abuseipdb.com/check/56.57.168.15,Content Delivery Network
13,0,US,github.com,['1.2.3.4.tmitter'],70.152.160.106,4,True,False,Twitter,2021-12-07T22:58:03+00:00,1,1,https://www.abuseipdb.com/check/70.152.160.106,Content Delivery Network
14,25,US,ocean.com,['1.2.3.4.alibab'],253.173.102.236,4,True,False,Cloudflare,2022-01-20T21:14:07+00:00,6,35,https://www.abuseipdb.com/check/253.173.102.236,Content Delivery Network
15,21,US,evilcorp.com,['1.2.3.4.gooolge'],34.3.209.169,4,True,False,Cloudflare,2022-01-20T21:14:26+00:00,4,28,https://www.abuseipdb.com/check/34.3.209.169,Content Delivery Network
16,0,US,megatron.com,['1.2.3.4.gooolge'],87.199.20.15,4,True,,Ocean,,0,0,https://www.abuseipdb.com/check/87.199.20.15,Content Delivery Network
17,0,US,twitter.com,['1.2.3.4.tmitter'],122.70.58.245,4,True,,Github,,0,0,https://www.abuseipdb.com/check/122.70.58.245,Content Delivery Network
18,0,US,megatron.com,['1.2.3.4.tmitter'],69.250.210.121,4,True,,Alibaba & Rozbojnics,,0,0,https://www.abuseipdb.com/check/69.250.210.121,Content Delivery Network
19,0,US,ocean.com,['1.2.3.4.megatron'],80.192.247.144,4,True,,Ocean,,0,0,https://www.abuseipdb.com/check/80.192.247.144,Content Delivery Network
20,0,US,github.com,['1.2.3.4.gooolge'],175.176.74.88,4,True,,Twitter,,0,0,https://www.abuseipdb.com/check/175.176.74.88,Content Delivery Network
21,0,US,megatron.com,['1.2.3.4.megatron'],219.146.47.213,4,True,True,Twitter,2021-12-25T14:54:04+00:00,2,3,https://www.abuseipdb.com/check/219.146.47.213,Content Delivery Network
22,9,US,albina.com,['1.2.3.4.alibab'],94.175.230.33,4,True,False,Cloudflare,2022-01-11T06:54:09+00:00,3,3,https://www.abuseipdb.com/check/94.175.230.33,Content Delivery Network
23,50,US,evilcorp.com,['1.2.3.4.gooolge'],238.168.247.203,4,True,False,Megatron,2021-09-03T07:39:21+00:00,0,0,https://www.abuseipdb.com/check/238.168.247.203,Content Delivery Network
24,0,US,github.com,['1.2.3.4.alibab'],227.60.18.30,4,True,,Github,,0,0,https://www.abuseipdb.com/check/227.60.18.30,Content Delivery Network
25,0,US,ocean.com,['1.2.3.4.tmitter'],55.91.27.24,4,True,True,Twitter,2021-07-13T13:23:04+00:00,0,0,https://www.abuseipdb.com/check/55.91.27.24,Content Delivery Network
26,0,US,twitter.com,['1.2.3.4.tmitter'],81.111.184.39,4,True,True,Alibaba & Rozbojnics,2021-12-25T12:44:06+00:00,1,1,https://www.abuseipdb.com/check/81.111.184.39,Content Delivery Network
27,0,US,megatron.com,['1.2.3.4.tmitter'],162.148.211.217,4,True,,Cloudflare,,0,0,https://www.abuseipdb.com/check/162.148.211.217,Content Delivery Network
28,0,US,evilcorp.com,['1.2.3.4.megatron'],129.187.83.66,4,True,True,Twitter,2021-12-25T12:44:25+00:00,2,2,https://www.abuseipdb.com/check/129.187.83.66,Content Delivery Network
29,0,US,ocean.com,['1.2.3.4.tmitter'],173.248.135.166,4,True,,Megatron,,0,0,https://www.abuseipdb.com/check/173.248.135.166,Content Delivery Network
30,0,US,megatron.com,['1.2.3.4.megatron'],30.36.208.205,4,True,,Github,,0,0,https://www.abuseipdb.com/check/30.36.208.205,Content Delivery Network
31,0,US,megatron.com,['1.2.3.4.gooolge'],181.93.155.110,4,True,,Ocean,,0,0,https://www.abuseipdb.com/check/181.93.155.110,Content Delivery Network
32,0,US,twitter.com,['1.2.3.4.tmitter'],98.40.25.251,4,True,True,Ocean,2022-01-07T13:51:52+00:00,1,2,https://www.abuseipdb.com/check/98.40.25.251,Content Delivery Network
33,10,US,albina.com,['1.2.3.4.megatron'],222.139.53.122,4,True,False,Megatron,2022-01-18T19:48:49+00:00,3,5,https://www.abuseipdb.com/check/222.139.53.122,Content Delivery Network
34,0,US,twitter.com,['1.2.3.4.megatron'],189.212.151.200,4,True,,Twitter,,0,0,https://www.abuseipdb.com/check/189.212.151.200,Content Delivery Network
35,0,US,megatron.com,['1.2.3.4.gooolge'],91.145.116.235,4,True,,Github,,0,0,https://www.abuseipdb.com/check/91.145.116.235,Content Delivery Network
36,0,US,megatron.com,['1.2.3.4.tmitter'],240.57.247.34,4,True,,Github,,0,0,https://www.abuseipdb.com/check/240.57.247.34,Content Delivery Network
37,0,US,megatron.com,['1.2.3.4.alibab'],162.195.20.26,4,True,,Megatron,,0,0,https://www.abuseipdb.com/check/162.195.20.26,Content Delivery Network
38,0,FI,twitter.com,['1.2.3.4.tmitter'],80.208.127.108,4,True,True,Cloudflare,2021-12-24T11:48:34+00:00,1,1,https://www.abuseipdb.com/check/80.208.127.108,Content Delivery Network
39,0,US,evilcorp.com,['1.2.3.4.alibab'],235.143.248.238,4,True,,Github,,0,0,https://www.abuseipdb.com/check/235.143.248.238,Content Delivery Network
40,0,US,megatron.com,['1.2.3.4.alibab'],248.68.28.214,4,True,,Cloudflare,,0,0,https://www.abuseipdb.com/check/248.68.28.214,Content Delivery Network
41,0,US,twitter.com,['1.2.3.4.megatron'],62.135.168.150,4,True,True,Alibaba & Rozbojnics,2021-12-24T11:48:34+00:00,1,1,https://www.abuseipdb.com/check/62.135.168.150,Content Delivery Network
42,0,US,ocean.com,['1.2.3.4.gooolge'],239.253.205.11,4,True,True,Github,2021-12-21T14:05:38+00:00,1,1,https://www.abuseipdb.com/check/239.253.205.11,Content Delivery Network
43,0,US,megatron.com,['1.2.3.4.tmitter'],76.208.104.19,4,True,,Twitter,,0,0,https://www.abuseipdb.com/check/76.208.104.19,Content Delivery Network
44,0,US,github.com,['1.2.3.4.tmitter'],237.130.58.145,4,True,,Twitter,,0,0,https://www.abuseipdb.com/check/237.130.58.145,Content Delivery Network
45,0,US,github.com,['1.2.3.4.alibab'],147.85.249.254,4,True,,Github,,0,0,https://www.abuseipdb.com/check/147.85.249.254,Content Delivery Network
46,0,US,evilcorp.com,['1.2.3.4.alibab'],15.163.187.61,4,True,,Megatron,,0,0,https://www.abuseipdb.com/check/15.163.187.61,Content Delivery Network
47,0,US,megatron.com,['1.2.3.4.megatron'],101.57.13.234,4,True,,Ocean,,0,0,https://www.abuseipdb.com/check/101.57.13.234,Content Delivery Network
48,0,US,evilcorp.com,['1.2.3.4.alibab'],172.107.221.128,4,True,,Twitter,,0,0,https://www.abuseipdb.com/check/172.107.221.128,Content Delivery Network
49,0,US,megatron.com,['1.2.3.4.alibab'],139.27.77.235,4,True,,Github,,0,0,https://www.abuseipdb.com/check/139.27.77.235,Content Delivery Network
50,0,US,megatron.com,['1.2.3.4.tmitter'],109.8.202.42,4,True,,Ocean,,0,0,https://www.abuseipdb.com/check/109.8.202.42,Content Delivery Network
51,0,US,evilcorp.com,['1.2.3.4.megatron'],15.82.149.3,4,True,,Megatron,,0,0,https://www.abuseipdb.com/check/15.82.149.3,Content Delivery Network
52,0,US,albina.com,['1.2.3.4.megatron'],211.222.223.122,4,True,False,Twitter,2021-06-21T12:02:18+00:00,0,0,https://www.abuseipdb.com/check/211.222.223.122,Content Delivery Network
53,0,US,ocean.com,['1.2.3.4.megatron'],66.118.82.151,4,True,,Github,,0,0,https://www.abuseipdb.com/check/66.118.82.151,Content Delivery Network
54,0,US,albina.com,['1.2.3.4.gooolge'],217.87.199.58,4,True,,Ocean,,0,0,https://www.abuseipdb.com/check/217.87.199.58,Content Delivery Network
55,1,US,evilcorp.com,['1.2.3.4.megatron'],242.75.34.34,4,True,False,Alibaba & Rozbojnics,2021-12-08T14:07:54+00:00,2,2,https://www.abuseipdb.com/check/242.75.34.34,Content Delivery Network
56,0,US,github.com,['1.2.3.4.tmitter'],72.208.169.230,4,True,,Alibaba & Rozbojnics,,0,0,https://www.abuseipdb.com/check/72.208.169.230,Content Delivery Network
57,0,US,github.com,['1.2.3.4.megatron'],177.211.34.214,4,True,,Ocean,,0,0,https://www.abuseipdb.com/check/177.211.34.214,Content Delivery Network
58,0,US,twitter.com,['1.2.3.4.tmitter'],6.142.146.79,4,True,,Github,,0,0,https://www.abuseipdb.com/check/6.142.146.79,Content Delivery Network
59,0,US,twitter.com,['1.2.3.4.gooolge'],48.190.12.105,4,True,,Github,,0,0,https://www.abuseipdb.com/check/48.190.12.105,Content Delivery Network
60,0,US,twitter.com,['1.2.3.4.alibab'],195.113.68.134,4,True,,Twitter,,0,0,https://www.abuseipdb.com/check/195.113.68.134,Content Delivery Network
61,11,US,github.com,['1.2.3.4.megatron'],141.109.8.69,4,True,False,Ocean,2022-01-22T15:14:26+00:00,4,66,https://www.abuseipdb.com/check/141.109.8.69,Content Delivery Network
62,0,US,ocean.com,['1.2.3.4.tmitter'],28.137.174.23,4,True,,Cloudflare,,0,0,https://www.abuseipdb.com/check/28.137.174.23,Content Delivery Network
63,0,US,megatron.com,['1.2.3.4.megatron'],245.61.144.209,4,True,,Cloudflare,,0,0,https://www.abuseipdb.com/check/245.61.144.209,Content Delivery Network
64,21,US,github.com,['1.2.3.4.alibab'],69.252.104.167,4,True,False,Ocean,2022-01-22T15:14:47+00:00,3,65,https://www.abuseipdb.com/check/69.252.104.167,Content Delivery Network
65,0,US,albina.com,['1.2.3.4.megatron'],143.63.46.47,4,True,,Ocean,,0,0,https://www.abuseipdb.com/check/143.63.46.47,Content Delivery Network
66,0,US,github.com,['1.2.3.4.alibab'],24.43.87.157,4,True,,Twitter,,0,0,https://www.abuseipdb.com/check/24.43.87.157,Content Delivery Network
67,0,US,github.com,['1.2.3.4.alibab'],5.150.104.11,4,True,,Twitter,,0,0,https://www.abuseipdb.com/check/5.150.104.11,Content Delivery Network
68,0,US,evilcorp.com,['1.2.3.4.alibab'],107.19.110.254,4,True,,Cloudflare,,0,0,https://www.abuseipdb.com/check/107.19.110.254,Content Delivery Network
69,0,US,twitter.com,['1.2.3.4.tmitter'],251.45.71.175,4,True,True,Cloudflare,2021-08-16T09:39:32+00:00,0,0,https://www.abuseipdb.com/check/251.45.71.175,Content Delivery Network
70,0,US,ocean.com,['1.2.3.4.alibab'],203.100.233.127,4,True,False,Megatron,2021-12-24T11:48:33+00:00,2,2,https://www.abuseipdb.com/check/203.100.233.127,Content Delivery Network
71,0,US,albina.com,['1.2.3.4.alibab'],66.210.126.239,4,True,True,Megatron,2021-12-23T17:14:02+00:00,2,2,https://www.abuseipdb.com/check/66.210.126.239,Content Delivery Network
72,0,US,ocean.com,['1.2.3.4.tmitter'],156.69.75.242,4,True,,Cloudflare,,0,0,https://www.abuseipdb.com/check/156.69.75.242,Content Delivery Network
73,0,US,twitter.com,['1.2.3.4.tmitter'],50.89.110.2,4,True,,Github,,0,0,https://www.abuseipdb.com/check/50.89.110.2,Content Delivery Network
74,0,US,albina.com,['1.2.3.4.megatron'],18.219.169.66,4,True,,Cloudflare,,0,0,https://www.abuseipdb.com/check/18.219.169.66,Content Delivery Network
75,0,US,megatron.com,['1.2.3.4.gooolge'],210.200.101.115,4,True,,Megatron,,0,0,https://www.abuseipdb.com/check/210.200.101.115,Content Delivery Network
76,0,US,ocean.com,['1.2.3.4.tmitter'],154.18.88.8,4,True,False,Alibaba & Rozbojnics,2021-01-30T15:20:12+00:00,0,0,https://www.abuseipdb.com/check/154.18.88.8,Content Delivery Network
77,0,US,ocean.com,['1.2.3.4.megatron'],173.218.176.160,4,True,True,Alibaba & Rozbojnics,2021-12-24T11:48:34+00:00,1,1,https://www.abuseipdb.com/check/173.218.176.160,Content Delivery Network
78,0,US,github.com,['1.2.3.4.alibab'],210.215.49.242,4,True,,Github,,0,0,https://www.abuseipdb.com/check/210.215.49.242,Content Delivery Network
79,0,US,github.com,['1.2.3.4.gooolge'],17.41.12.109,4,True,True,Github,2021-12-24T11:48:34+00:00,2,2,https://www.abuseipdb.com/check/17.41.12.109,Content Delivery Network
80,0,US,ocean.com,['1.2.3.4.megatron'],86.32.16.236,4,True,,Ocean,,0,0,https://www.abuseipdb.com/check/86.32.16.236,Content Delivery Network
81,0,US,evilcorp.com,['1.2.3.4.megatron'],137.71.155.85,4,True,,Twitter,,0,0,https://www.abuseipdb.com/check/137.71.155.85,Content Delivery Network
82,0,US,albina.com,['1.2.3.4.tmitter'],195.118.160.233,4,True,,Cloudflare,,0,0,https://www.abuseipdb.com/check/195.118.160.233,Content Delivery Network
83,0,US,albina.com,['1.2.3.4.megatron'],130.196.15.142,4,True,,Megatron,,0,0,https://www.abuseipdb.com/check/130.196.15.142,Content Delivery Network
84,0,US,github.com,['1.2.3.4.alibab'],42.9.83.133,4,True,,Ocean,,0,0,https://www.abuseipdb.com/check/42.9.83.133,Content Delivery Network
85,0,US,github.com,['1.2.3.4.alibab'],131.148.52.24,4,True,False,Github,2021-09-17T09:39:16+00:00,0,0,https://www.abuseipdb.com/check/131.148.52.24,Content Delivery Network
86,0,US,ocean.com,['1.2.3.4.gooolge'],163.21.108.172,4,True,,Ocean,,0,0,https://www.abuseipdb.com/check/163.21.108.172,Data Center/Web Hosting/Transit
87,0,US,twitter.com,['1.2.3.4.alibab'],35.254.114.166,4,True,,Cloudflare,,0,0,https://www.abuseipdb.com/check/35.254.114.166,Data Center/Web Hosting/Transit
88,0,US,twitter.com,['1.2.3.4.tmitter'],89.177.67.42,4,True,,Cloudflare,,0,0,https://www.abuseipdb.com/check/89.177.67.42,Content Delivery Network
89,0,US,github.com,['1.2.3.4.alibab'],165.89.168.6,4,True,False,Alibaba & Rozbojnics,2021-01-07T20:50:15+00:00,0,0,https://www.abuseipdb.com/check/165.89.168.6,Content Delivery Network
90,0,US,github.com,['1.2.3.4.megatron'],254.227.31.165,4,True,False,Twitter,2021-12-24T11:48:34+00:00,0,0,https://www.abuseipdb.com/check/254.227.31.165,Content Delivery Network
91,0,US,evilcorp.com,['1.2.3.4.tmitter'],166.142.243.128,4,True,False,Twitter,2021-10-14T06:33:17+00:00,0,0,https://www.abuseipdb.com/check/166.142.243.128,Content Delivery Network
92,0,US,evilcorp.com,['1.2.3.4.tmitter'],118.75.188.39,4,True,,Github,,0,0,https://www.abuseipdb.com/check/118.75.188.39,Content Delivery Network
93,0,US,twitter.com,['1.2.3.4.gooolge'],120.198.96.25,4,True,True,Github,2021-12-11T08:05:12+00:00,1,1,https://www.abuseipdb.com/check/120.198.96.25,Content Delivery Network
94,0,US,albina.com,['1.2.3.4.tmitter'],126.85.5.127,4,True,True,Megatron,2022-01-18T06:46:12+00:00,1,6,https://www.abuseipdb.com/check/126.85.5.127,Content Delivery Network
95,0,US,albina.com,['1.2.3.4.alibab'],156.229.182.27,4,True,,Cloudflare,,0,0,https://www.abuseipdb.com/check/156.229.182.27,Content Delivery Network
96,0,US,twitter.com,['1.2.3.4.gooolge'],230.148.169.101,4,True,False,Github,2021-02-07T12:58:59+00:00,0,0,https://www.abuseipdb.com/check/230.148.169.101,Content Delivery Network
97,0,US,ocean.com,['1.2.3.4.megatron'],35.225.167.255,4,True,False,Ocean,2021-05-09T15:02:02+00:00,0,0,https://www.abuseipdb.com/check/35.225.167.255,Content Delivery Network
98,0,US,twitter.com,['1.2.3.4.alibab'],227.129.23.188,4,True,True,Ocean,2021-06-25T08:35:51+00:00,0,0,https://www.abuseipdb.com/check/227.129.23.188,Content Delivery Network
99,0,US,twitter.com,['1.2.3.4.gooolge'],160.175.92.188,4,True,,Github,,0,0,https://www.abuseipdb.com/check/160.175.92.188,Content Delivery Network
100,0,US,ocean.com,['1.2.3.4.alibab'],70.155.143.92,4,True,,Cloudflare,,0,0,https://www.abuseipdb.com/check/70.155.143.92,Content Delivery Network
101,0,US,megatron.com,['1.2.3.4.megatron'],51.132.202.53,4,True,False,Github,2021-10-09T00:01:23+00:00,0,0,https://www.abuseipdb.com/check/51.132.202.53,Content Delivery Network
102,0,US,megatron.com,['1.2.3.4.tmitter'],244.94.196.61,4,True,False,Alibaba & Rozbojnics,2021-03-09T12:16:42+00:00,0,0,https://www.abuseipdb.com/check/244.94.196.61,Content Delivery Network
103,0,US,megatron.com,['1.2.3.4.megatron'],150.210.95.88,4,True,,Github,,0,0,https://www.abuseipdb.com/check/150.210.95.88,Content Delivery Network
104,0,US,evilcorp.com,['1.2.3.4.tmitter'],49.110.17.187,4,True,,Twitter,,0,0,https://www.abuseipdb.com/check/49.110.17.187,Content Delivery Network
105,0,US,megatron.com,['1.2.3.4.gooolge'],255.221.38.23,4,True,,Twitter,,0,0,https://www.abuseipdb.com/check/255.221.38.23,Content Delivery Network
106,0,US,twitter.com,['1.2.3.4.megatron'],67.100.9.105,4,True,,Github,,0,0,https://www.abuseipdb.com/check/67.100.9.105,Content Delivery Network
107,0,US,evilcorp.com,['1.2.3.4.alibab'],205.9.201.184,4,True,,Cloudflare,,0,0,https://www.abuseipdb.com/check/205.9.201.184,Content Delivery Network
108,0,US,twitter.com,['1.2.3.4.tmitter'],221.91.174.167,4,True,,Github,,0,0,https://www.abuseipdb.com/check/221.91.174.167,Content Delivery Network
109,0,US,ocean.com,['1.2.3.4.alibab'],199.245.13.32,4,True,,Ocean,,0,0,https://www.abuseipdb.com/check/199.245.13.32,Content Delivery Network
110,0,US,evilcorp.com,['1.2.3.4.alibab'],159.132.199.83,4,True,,Megatron,,0,0,https://www.abuseipdb.com/check/159.132.199.83,Content Delivery Network
111,0,US,ocean.com,['1.2.3.4.megatron'],45.122.11.251,4,True,,Cloudflare,,0,0,https://www.abuseipdb.com/check/45.122.11.251,Content Delivery Network
112,0,US,ocean.com,['1.2.3.4.megatron'],50.72.14.165,4,True,,Alibaba & Rozbojnics,,0,0,https://www.abuseipdb.com/check/50.72.14.165,Content Delivery Network
113,0,US,ocean.com,['1.2.3.4.tmitter'],96.37.234.24,4,True,,Github,,0,0,https://www.abuseipdb.com/check/96.37.234.24,Content Delivery Network
114,0,US,twitter.com,['1.2.3.4.gooolge'],146.235.98.174,4,True,True,Ocean,2021-11-04T22:29:33+00:00,1,1,https://www.abuseipdb.com/check/146.235.98.174,Content Delivery Network
115,0,US,albina.com,['1.2.3.4.gooolge'],10.36.216.238,4,True,,Ocean,,0,0,https://www.abuseipdb.com/check/10.36.216.238,Content Delivery Network
116,0,US,evilcorp.com,['1.2.3.4.alibab'],164.142.186.1,4,True,,Alibaba & Rozbojnics,,0,0,https://www.abuseipdb.com/check/164.142.186.1,Content Delivery Network
117,0,US,ocean.com,['1.2.3.4.tmitter'],155.112.229.52,4,True,True,Ocean,2021-12-01T21:13:16+00:00,9,15,https://www.abuseipdb.com/check/155.112.229.52,Content Delivery Network
118,16,US,evilcorp.com,['1.2.3.4.megatron'],35.108.122.91,4,True,False,Twitter,2021-02-04T15:38:30+00:00,0,0,https://www.abuseipdb.com/check/35.108.122.91,Content Delivery Network
119,0,US,ocean.com,['1.2.3.4.gooolge'],167.114.174.25,4,True,,Cloudflare,,0,0,https://www.abuseipdb.com/check/167.114.174.25,Content Delivery Network
120,0,US,evilcorp.com,['1.2.3.4.alibab'],180.219.56.77,4,True,,Megatron,,0,0,https://www.abuseipdb.com/check/180.219.56.77,Content Delivery Network
121,0,US,evilcorp.com,['1.2.3.4.alibab'],91.162.94.91,4,True,,Alibaba & Rozbojnics,,0,0,https://www.abuseipdb.com/check/91.162.94.91,Content Delivery Network
122,0,US,ocean.com,['1.2.3.4.megatron'],27.69.92.232,4,True,,Alibaba & Rozbojnics,,0,0,https://www.abuseipdb.com/check/27.69.92.232,Content Delivery Network
123,0,US,evilcorp.com,['1.2.3.4.alibab'],213.124.15.78,4,True,,Github,,0,0,https://www.abuseipdb.com/check/213.124.15.78,Content Delivery Network
124,0,US,twitter.com,['1.2.3.4.tmitter'],136.160.76.173,4,True,True,Twitter,2021-12-24T11:48:34+00:00,2,2,https://www.abuseipdb.com/check/136.160.76.173,Content Delivery Network
125,0,US,megatron.com,['1.2.3.4.gooolge'],204.46.124.170,4,True,,Alibaba & Rozbojnics,,0,0,https://www.abuseipdb.com/check/204.46.124.170,Content Delivery Network
126,0,US,evilcorp.com,['1.2.3.4.megatron'],179.111.85.165,4,True,,Alibaba & Rozbojnics,,0,0,https://www.abuseipdb.com/check/179.111.85.165,Content Delivery Network
127,0,US,github.com,['1.2.3.4.gooolge'],63.92.20.40,4,True,,Cloudflare,,0,0,https://www.abuseipdb.com/check/63.92.20.40,Content Delivery Network
128,0,US,twitter.com,['1.2.3.4.alibab'],92.151.56.11,4,True,,Cloudflare,,0,0,https://www.abuseipdb.com/check/92.151.56.11,Content Delivery Network
129,0,US,albina.com,['1.2.3.4.alibab'],128.207.118.119,4,True,,Megatron,,0,0,https://www.abuseipdb.com/check/128.207.118.119,Content Delivery Network
130,0,US,albina.com,['1.2.3.4.gooolge'],99.25.37.111,4,True,,Ocean,,0,0,https://www.abuseipdb.com/check/99.25.37.111,Content Delivery Network
131,0,US,albina.com,['1.2.3.4.megatron'],81.219.231.155,4,True,False,Github,2021-08-11T21:58:03+00:00,0,0,https://www.abuseipdb.com/check/81.219.231.155,Content Delivery Network
132,0,US,megatron.com,['1.2.3.4.megatron'],183.221.43.13,4,True,,Github,,0,0,https://www.abuseipdb.com/check/183.221.43.13,Content Delivery Network
133,0,US,megatron.com,['1.2.3.4.alibab'],181.198.180.237,4,True,,Cloudflare,,0,0,https://www.abuseipdb.com/check/181.198.180.237,Content Delivery Network
134,0,US,albina.com,['1.2.3.4.gooolge'],174.83.51.224,4,True,True,Cloudflare,2021-11-09T04:51:55+00:00,1,1,https://www.abuseipdb.com/check/174.83.51.224,Content Delivery Network
135,0,US,megatron.com,['1.2.3.4.alibab'],116.250.222.126,4,True,,Twitter,,0,0,https://www.abuseipdb.com/check/116.250.222.126,Content Delivery Network
136,0,US,albina.com,['1.2.3.4.gooolge'],70.146.61.134,4,True,,Megatron,,0,0,https://www.abuseipdb.com/check/70.146.61.134,Content Delivery Network
137,0,US,github.com,['1.2.3.4.gooolge'],124.187.236.192,4,True,True,Megatron,2021-09-06T07:39:20+00:00,0,0,https://www.abuseipdb.com/check/124.187.236.192,Content Delivery Network
138,0,US,evilcorp.com,['1.2.3.4.gooolge'],65.128.140.195,4,True,,Megatron,,0,0,https://www.abuseipdb.com/check/65.128.140.195,Content Delivery Network
139,0,US,twitter.com,['1.2.3.4.tmitter'],131.249.75.1,4,True,,Megatron,,0,0,https://www.abuseipdb.com/check/131.249.75.1,Content Delivery Network
140,0,US,megatron.com,['1.2.3.4.alibab'],35.252.158.240,4,True,,Cloudflare,,0,0,https://www.abuseipdb.com/check/35.252.158.240,Content Delivery Network
141,0,US,twitter.com,['1.2.3.4.gooolge'],36.44.129.79,4,True,,Alibaba & Rozbojnics,,0,0,https://www.abuseipdb.com/check/36.44.129.79,Content Delivery Network
142,0,US,albina.com,['1.2.3.4.tmitter'],235.173.21.30,4,True,,Cloudflare,,0,0,https://www.abuseipdb.com/check/235.173.21.30,Content Delivery Network
143,0,US,albina.com,['1.2.3.4.megatron'],182.155.171.61,4,True,,Ocean,,0,0,https://www.abuseipdb.com/check/182.155.171.61,Content Delivery Network
144,0,US,ocean.com,['1.2.3.4.megatron'],167.157.88.75,4,True,False,Alibaba & Rozbojnics,2021-05-06T09:39:33+00:00,0,0,https://www.abuseipdb.com/check/167.157.88.75,Content Delivery Network
145,0,US,github.com,['1.2.3.4.tmitter'],69.217.34.122,4,True,False,Megatron,2021-05-06T09:37:13+00:00,0,0,https://www.abuseipdb.com/check/69.217.34.122,Content Delivery Network
146,0,US,albina.com,['1.2.3.4.tmitter'],123.61.213.24,4,True,False,Twitter,2021-03-22T05:58:42+00:00,0,0,https://www.abuseipdb.com/check/123.61.213.24,Content Delivery Network
147,0,US,twitter.com,['1.2.3.4.alibab'],202.135.181.203,4,True,,Alibaba & Rozbojnics,,0,0,https://www.abuseipdb.com/check/202.135.181.203,Content Delivery Network
148,0,US,evilcorp.com,['1.2.3.4.gooolge'],171.42.167.181,4,True,False,Cloudflare,2021-08-12T03:56:04+00:00,0,0,https://www.abuseipdb.com/check/171.42.167.181,Content Delivery Network
149,0,US,megatron.com,['1.2.3.4.tmitter'],185.60.122.170,4,True,True,Megatron,2021-10-30T15:50:58+00:00,1,1,https://www.abuseipdb.com/check/185.60.122.170,Content Delivery Network
150,4,US,twitter.com,['1.2.3.4.megatron'],163.121.176.227,4,True,False,Alibaba & Rozbojnics,2021-12-25T15:07:03+00:00,1,1,https://www.abuseipdb.com/check/163.121.176.227,Commercial
151,0,US,evilcorp.com,['1.2.3.4.alibab'],128.134.125.173,4,True,False,Alibaba & Rozbojnics,2021-09-15T11:46:31+00:00,0,0,https://www.abuseipdb.com/check/128.134.125.173,Commercial
152,0,US,megatron.com,['1.2.3.4.gooolge'],46.138.89.80,4,True,False,Alibaba & Rozbojnics,2021-06-28T19:44:49+00:00,0,0,https://www.abuseipdb.com/check/46.138.89.80,Data Center/Web Hosting/Transit
153,0,US,megatron.com,['1.2.3.4.alibab'],28.214.99.249,4,True,False,Ocean,2021-09-25T09:51:25+00:00,0,0,https://www.abuseipdb.com/check/28.214.99.249,Commercial
154,0,US,megatron.com,['1.2.3.4.megatron'],166.65.41.43,4,True,False,Github,2021-09-15T11:45:46+00:00,0,0,https://www.abuseipdb.com/check/166.65.41.43,Commercial
155,3,US,github.com,['1.2.3.4.tmitter'],8.105.117.132,4,True,False,Twitter,2021-12-20T20:25:01+00:00,1,1,https://www.abuseipdb.com/check/8.105.117.132,Commercial
156,0,US,ocean.com,['1.2.3.4.alibab'],164.228.100.183,4,True,False,Megatron,2021-11-02T10:36:14+00:00,1,1,https://www.abuseipdb.com/check/164.228.100.183,Commercial
157,3,US,evilcorp.com,['1.2.3.4.tmitter'],86.91.150.156,4,True,False,Github,2022-01-02T01:38:18+00:00,1,1,https://www.abuseipdb.com/check/86.91.150.156,Data Center/Web Hosting/Transit
158,0,US,twitter.com,['1.2.3.4.megatron'],113.59.129.154,4,True,False,Alibaba & Rozbojnics,2021-10-14T06:31:28+00:00,0,0,https://www.abuseipdb.com/check/113.59.129.154,Commercial
159,0,US,albina.com,['1.2.3.4.alibab'],135.195.77.216,4,True,False,Twitter,2021-08-03T19:07:09+00:00,0,0,https://www.abuseipdb.com/check/135.195.77.216,Commercial
160,0,US,albina.com,['1.2.3.4.gooolge'],98.68.26.135,4,True,False,Github,2021-10-06T03:25:24+00:00,0,0,https://www.abuseipdb.com/check/98.68.26.135,Commercial
161,0,US,github.com,['1.2.3.4.alibab'],195.20.171.115,4,True,False,Twitter,2021-11-06T06:30:22+00:00,1,1,https://www.abuseipdb.com/check/195.20.171.115,Commercial
162,0,US,twitter.com,['1.2.3.4.alibab'],160.41.140.227,4,True,False,Github,2021-07-05T17:33:04+00:00,0,0,https://www.abuseipdb.com/check/160.41.140.227,Commercial
163,0,US,ocean.com,['1.2.3.4.alibab'],234.205.47.211,4,True,False,Ocean,2021-03-12T19:20:00+00:00,0,0,https://www.abuseipdb.com/check/234.205.47.211,Commercial
164,0,US,twitter.com,['1.2.3.4.tmitter'],212.46.172.27,4,True,,Cloudflare,,0,0,https://www.abuseipdb.com/check/212.46.172.27,Commercial
165,0,US,albina.com,['1.2.3.4.alibab'],17.160.162.229,4,True,,Ocean,,0,0,https://www.abuseipdb.com/check/17.160.162.229,Content Delivery Network
166,0,US,github.com,['1.2.3.4.tmitter'],11.242.139.175,4,True,,Megatron,,0,0,https://www.abuseipdb.com/check/11.242.139.175,Content Delivery Network
167,0,US,github.com,['1.2.3.4.megatron'],208.28.103.176,4,True,,Megatron,,0,0,https://www.abuseipdb.com/check/208.28.103.176,Content Delivery Network
168,0,US,evilcorp.com,['1.2.3.4.gooolge'],194.43.108.175,4,True,,Twitter,,0,0,https://www.abuseipdb.com/check/194.43.108.175,Content Delivery Network
169,0,US,github.com,['1.2.3.4.gooolge'],231.6.156.245,4,True,,Megatron,,0,0,https://www.abuseipdb.com/check/231.6.156.245,Content Delivery Network
170,0,US,evilcorp.com,['1.2.3.4.gooolge'],81.246.34.178,4,True,,Alibaba & Rozbojnics,,0,0,https://www.abuseipdb.com/check/81.246.34.178,Content Delivery Network
171,0,US,ocean.com,['1.2.3.4.alibab'],238.188.157.172,4,True,,Twitter,,0,0,https://www.abuseipdb.com/check/238.188.157.172,Content Delivery Network
172,0,US,megatron.com,['1.2.3.4.megatron'],219.36.118.48,4,True,,Alibaba & Rozbojnics,,0,0,https://www.abuseipdb.com/check/219.36.118.48,Content Delivery Network
173,0,US,github.com,['1.2.3.4.alibab'],249.30.191.132,4,True,,Megatron,,0,0,https://www.abuseipdb.com/check/249.30.191.132,Content Delivery Network
174,0,US,github.com,['1.2.3.4.gooolge'],139.57.171.82,4,True,,Twitter,,0,0,https://www.abuseipdb.com/check/139.57.171.82,Content Delivery Network
175,0,US,github.com,['1.2.3.4.tmitter'],68.56.164.50,4,True,,Github,,0,0,https://www.abuseipdb.com/check/68.56.164.50,Content Delivery Network
176,0,US,albina.com,['1.2.3.4.tmitter'],10.170.144.28,4,True,,Ocean,,0,0,https://www.abuseipdb.com/check/10.170.144.28,Content Delivery Network
177,0,US,evilcorp.com,['1.2.3.4.alibab'],148.9.98.224,4,True,True,Twitter,2021-12-24T11:48:33+00:00,5,8,https://www.abuseipdb.com/check/148.9.98.224,Content Delivery Network
178,0,US,ocean.com,['1.2.3.4.alibab'],172.163.229.211,4,True,,Ocean,,0,0,https://www.abuseipdb.com/check/172.163.229.211,Content Delivery Network
179,0,US,ocean.com,['1.2.3.4.megatron'],243.154.106.176,4,True,,Alibaba & Rozbojnics,,0,0,https://www.abuseipdb.com/check/243.154.106.176,Content Delivery Network
180,0,US,github.com,['1.2.3.4.alibab'],178.115.198.138,4,True,True,Github,2022-01-10T17:12:38+00:00,5,9,https://www.abuseipdb.com/check/178.115.198.138,Content Delivery Network
181,0,US,github.com,['1.2.3.4.megatron'],86.41.9.178,4,True,,Alibaba & Rozbojnics,,0,0,https://www.abuseipdb.com/check/86.41.9.178,Content Delivery Network
182,0,US,megatron.com,['1.2.3.4.megatron'],187.106.210.152,4,True,,Github,,0,0,https://www.abuseipdb.com/check/187.106.210.152,Content Delivery Network
183,0,US,ocean.com,['1.2.3.4.alibab'],44.5.73.196,4,True,,Twitter,,0,0,https://www.abuseipdb.com/check/44.5.73.196,Content Delivery Network
184,0,US,github.com,['1.2.3.4.megatron'],255.142.102.227,4,True,,Twitter,,0,0,https://www.abuseipdb.com/check/255.142.102.227,Content Delivery Network
185,0,US,albina.com,['1.2.3.4.megatron'],48.192.1.217,4,True,,Cloudflare,,0,0,https://www.abuseipdb.com/check/48.192.1.217,Content Delivery Network
186,0,US,twitter.com,['1.2.3.4.alibab'],215.155.189.28,4,True,,Alibaba & Rozbojnics,,0,0,https://www.abuseipdb.com/check/215.155.189.28,Content Delivery Network
187,0,US,evilcorp.com,['1.2.3.4.megatron'],9.206.79.157,4,True,True,Github,2021-07-21T07:58:30+00:00,0,0,https://www.abuseipdb.com/check/9.206.79.157,Content Delivery Network
188,0,US,evilcorp.com,['1.2.3.4.megatron'],248.95.159.240,4,True,,Alibaba & Rozbojnics,,0,0,https://www.abuseipdb.com/check/248.95.159.240,Content Delivery Network
189,0,US,github.com,['1.2.3.4.alibab'],168.226.36.201,4,True,False,Alibaba & Rozbojnics,2021-05-19T19:29:38+00:00,0,0,https://www.abuseipdb.com/check/168.226.36.201,Content Delivery Network
190,0,US,megatron.com,['1.2.3.4.megatron'],126.174.245.114,4,True,,Alibaba & Rozbojnics,,0,0,https://www.abuseipdb.com/check/126.174.245.114,Content Delivery Network
191,0,US,twitter.com,['1.2.3.4.megatron'],48.36.120.179,4,True,,Megatron,,0,0,https://www.abuseipdb.com/check/48.36.120.179,Content Delivery Network
192,0,US,twitter.com,['1.2.3.4.alibab'],140.53.137.92,4,True,,Megatron,,0,0,https://www.abuseipdb.com/check/140.53.137.92,Content Delivery Network
193,0,US,github.com,['1.2.3.4.gooolge'],33.52.227.121,4,True,False,Ocean,2021-04-07T17:33:58+00:00,0,0,https://www.abuseipdb.com/check/33.52.227.121,Content Delivery Network
194,0,US,megatron.com,['1.2.3.4.megatron'],126.210.34.34,4,True,,Ocean,,0,0,https://www.abuseipdb.com/check/126.210.34.34,Content Delivery Network
195,0,US,twitter.com,['1.2.3.4.tmitter'],59.29.92.175,4,True,,Twitter,,0,0,https://www.abuseipdb.com/check/59.29.92.175,Content Delivery Network
196,0,US,github.com,['1.2.3.4.gooolge'],26.113.136.228,4,True,,Github,,0,0,https://www.abuseipdb.com/check/26.113.136.228,Content Delivery Network
197,0,US,github.com,['1.2.3.4.megatron'],185.173.122.94,4,True,,Ocean,,0,0,https://www.abuseipdb.com/check/185.173.122.94,Content Delivery Network
198,0,US,megatron.com,['1.2.3.4.tmitter'],56.221.222.80,4,True,,Alibaba & Rozbojnics,,0,0,https://www.abuseipdb.com/check/56.221.222.80,Content Delivery Network
199,0,US,albina.com,['1.2.3.4.alibab'],143.155.210.137,4,True,,Cloudflare,,0,0,https://www.abuseipdb.com/check/143.155.210.137,Content Delivery Network
200,0,US,github.com,['1.2.3.4.alibab'],90.33.105.225,4,True,False,Twitter,2020-12-14T08:12:24+00:00,0,0,https://www.abuseipdb.com/check/90.33.105.225,Content Delivery Network
201,0,US,ocean.com,['1.2.3.4.gooolge'],61.165.61.117,4,True,True,Ocean,2021-08-16T06:54:31+00:00,0,0,https://www.abuseipdb.com/check/61.165.61.117,Content Delivery Network
202,0,US,albina.com,['1.2.3.4.gooolge'],203.140.42.149,4,True,True,Megatron,2021-10-01T13:39:29+00:00,0,0,https://www.abuseipdb.com/check/203.140.42.149,Content Delivery Network
203,0,FR,megatron.com,['1.2.3.4.megatron'],72.54.168.144,4,True,,Megatron,,0,0,https://www.abuseipdb.com/check/72.54.168.144,Content Delivery Network
204,0,PL,ocean.com,['1.2.3.4.alibab'],180.53.56.85,4,True,,Ocean,,0,0,https://www.abuseipdb.com/check/180.53.56.85,Content Delivery Network
205,0,PL,twitter.com,['1.2.3.4.gooolge'],68.111.63.1,4,True,,Alibaba & Rozbojnics,,0,0,https://www.abuseipdb.com/check/68.111.63.1,Content Delivery Network
206,0,PL,evilcorp.com,['1.2.3.4.gooolge'],172.111.233.189,4,True,,Twitter,,0,0,https://www.abuseipdb.com/check/172.111.233.189,Content Delivery Network
207,0,PL,albina.com,['1.2.3.4.megatron'],59.130.106.219,4,True,,Ocean,,0,0,https://www.abuseipdb.com/check/59.130.106.219,Content Delivery Network
208,0,PL,twitter.com,['1.2.3.4.tmitter'],63.138.145.52,4,True,,Megatron,,0,0,https://www.abuseipdb.com/check/63.138.145.52,Content Delivery Network
209,0,PL,github.com,['1.2.3.4.gooolge'],223.234.29.76,4,True,,Alibaba & Rozbojnics,,0,0,https://www.abuseipdb.com/check/223.234.29.76,Content Delivery Network
210,0,PL,github.com,['1.2.3.4.alibab'],102.131.210.124,4,True,,Github,,0,0,https://www.abuseipdb.com/check/102.131.210.124,Content Delivery Network
211,0,PL,albina.com,['1.2.3.4.tmitter'],245.86.108.6,4,True,,Megatron,,0,0,https://www.abuseipdb.com/check/245.86.108.6,Content Delivery Network
212,0,PL,github.com,['1.2.3.4.megatron'],2.215.213.103,4,True,,Megatron,,0,0,https://www.abuseipdb.com/check/2.215.213.103,Content Delivery Network
213,0,PL,evilcorp.com,['1.2.3.4.tmitter'],181.110.113.41,4,True,,Ocean,,0,0,https://www.abuseipdb.com/check/181.110.113.41,Content Delivery Network
214,0,PL,github.com,['1.2.3.4.alibab'],87.130.26.155,4,True,,Megatron,,0,0,https://www.abuseipdb.com/check/87.130.26.155,Content Delivery Network
215,0,PL,github.com,['1.2.3.4.alibab'],22.190.174.146,4,True,,Alibaba & Rozbojnics,,0,0,https://www.abuseipdb.com/check/22.190.174.146,Content Delivery Network
216,0,PL,twitter.com,['1.2.3.4.tmitter'],57.104.160.175,4,True,,Alibaba & Rozbojnics,,0,0,https://www.abuseipdb.com/check/57.104.160.175,Content Delivery Network
217,0,PL,ocean.com,['1.2.3.4.tmitter'],100.19.37.139,4,True,,Twitter,,0,0,https://www.abuseipdb.com/check/100.19.37.139,Content Delivery Network
218,0,PL,github.com,['1.2.3.4.alibab'],203.77.42.75,4,True,,Alibaba & Rozbojnics,,0,0,https://www.abuseipdb.com/check/203.77.42.75,Content Delivery Network
219,0,PL,ocean.com,['1.2.3.4.tmitter'],246.24.248.72,4,True,,Alibaba & Rozbojnics,,0,0,https://www.abuseipdb.com/check/246.24.248.72,Content Delivery Network
220,0,PL,twitter.com,['1.2.3.4.alibab'],110.20.176.244,4,True,,Megatron,,0,0,https://www.abuseipdb.com/check/110.20.176.244,Content Delivery Network
221,0,PL,evilcorp.com,['1.2.3.4.alibab'],182.204.178.24,4,True,,Github,,0,0,https://www.abuseipdb.com/check/182.204.178.24,Content Delivery Network
222,0,PL,megatron.com,['1.2.3.4.tmitter'],186.144.64.27,4,True,,Cloudflare,,0,0,https://www.abuseipdb.com/check/186.144.64.27,Content Delivery Network
223,0,PL,ocean.com,['1.2.3.4.tmitter'],156.83.47.7,4,True,,Alibaba & Rozbojnics,,0,0,https://www.abuseipdb.com/check/156.83.47.7,Content Delivery Network
224,0,PL,evilcorp.com,['1.2.3.4.alibab'],86.203.238.206,4,True,,Ocean,,0,0,https://www.abuseipdb.com/check/86.203.238.206,Content Delivery Network
225,0,PL,ocean.com,['1.2.3.4.alibab'],124.167.143.26,4,True,,Ocean,,0,0,https://www.abuseipdb.com/check/124.167.143.26,Content Delivery Network
226,0,PL,github.com,['1.2.3.4.tmitter'],200.228.250.71,4,True,,Github,,0,0,https://www.abuseipdb.com/check/200.228.250.71,Content Delivery Network
227,0,PL,evilcorp.com,['1.2.3.4.megatron'],65.48.26.117,4,True,,Github,,0,0,https://www.abuseipdb.com/check/65.48.26.117,Content Delivery Network
228,0,PL,twitter.com,['1.2.3.4.alibab'],22.166.63.183,4,True,,Cloudflare,,0,0,https://www.abuseipdb.com/check/22.166.63.183,Content Delivery Network
229,0,PL,github.com,['1.2.3.4.gooolge'],87.86.57.54,4,True,,Ocean,,0,0,https://www.abuseipdb.com/check/87.86.57.54,Content Delivery Network
230,0,PL,ocean.com,['1.2.3.4.gooolge'],11.28.77.134,4,True,,Megatron,,0,0,https://www.abuseipdb.com/check/11.28.77.134,Content Delivery Network
231,0,PL,twitter.com,['1.2.3.4.gooolge'],181.67.245.112,4,True,,Cloudflare,,0,0,https://www.abuseipdb.com/check/181.67.245.112,Content Delivery Network
232,0,PL,megatron.com,['1.2.3.4.megatron'],149.237.183.41,4,True,,Twitter,,0,0,https://www.abuseipdb.com/check/149.237.183.41,Content Delivery Network
233,0,PL,twitter.com,['1.2.3.4.tmitter'],162.248.217.29,4,True,,Ocean,,0,0,https://www.abuseipdb.com/check/162.248.217.29,Content Delivery Network
234,0,PL,evilcorp.com,['1.2.3.4.alibab'],208.227.25.61,4,True,,Twitter,,0,0,https://www.abuseipdb.com/check/208.227.25.61,Content Delivery Network
235,0,PL,megatron.com,['1.2.3.4.tmitter'],179.222.226.95,4,True,,Megatron,,0,0,https://www.abuseipdb.com/check/179.222.226.95,Content Delivery Network
236,0,PL,evilcorp.com,['1.2.3.4.alibab'],128.2.40.79,4,True,,Github,,0,0,https://www.abuseipdb.com/check/128.2.40.79,Content Delivery Network
237,0,PL,github.com,['1.2.3.4.tmitter'],155.143.40.171,4,True,,Ocean,,0,0,https://www.abuseipdb.com/check/155.143.40.171,Content Delivery Network
238,0,PL,albina.com,['1.2.3.4.alibab'],22.98.114.173,4,True,,Alibaba & Rozbojnics,,0,0,https://www.abuseipdb.com/check/22.98.114.173,Content Delivery Network
239,0,PL,megatron.com,['1.2.3.4.alibab'],122.85.220.95,4,True,,Github,,0,0,https://www.abuseipdb.com/check/122.85.220.95,Content Delivery Network
240,0,PL,megatron.com,['1.2.3.4.megatron'],187.64.117.120,4,True,,Alibaba & Rozbojnics,,0,0,https://www.abuseipdb.com/check/187.64.117.120,Content Delivery Network
241,0,PL,albina.com,['1.2.3.4.alibab'],141.92.78.20,4,True,,Ocean,,0,0,https://www.abuseipdb.com/check/141.92.78.20,Content Delivery Network
242,0,PL,albina.com,['1.2.3.4.alibab'],252.227.174.207,4,True,,Github,,0,0,https://www.abuseipdb.com/check/252.227.174.207,Content Delivery Network
243,0,PL,megatron.com,['1.2.3.4.megatron'],35.184.149.160,4,True,,Alibaba & Rozbojnics,,0,0,https://www.abuseipdb.com/check/35.184.149.160,Content Delivery Network
244,0,US,megatron.com,['1.2.3.4.tmitter'],163.21.175.173,4,True,,Ocean,,0,0,https://www.abuseipdb.com/check/163.21.175.173,Data Center/Web Hosting/Transit
245,0,US,twitter.com,['1.2.3.4.tmitter'],38.93.20.49,4,True,,Alibaba & Rozbojnics,,0,0,https://www.abuseipdb.com/check/38.93.20.49,Data Center/Web Hosting/Transit
246,0,US,ocean.com,['1.2.3.4.alibab'],6.75.39.125,4,True,,Github,,0,0,https://www.abuseipdb.com/check/6.75.39.125,Data Center/Web Hosting/Transit
247,0,US,albina.com,['1.2.3.4.tmitter'],55.126.40.21,4,True,False,Megatron,2021-11-05T21:02:02+00:00,2,2,https://www.abuseipdb.com/check/55.126.40.21,Data Center/Web Hosting/Transit
248,0,PL,megatron.com,['1.2.3.4.megatron'],222.219.105.144,4,True,,Github,,0,0,https://www.abuseipdb.com/check/222.219.105.144,Fixed Line ISP
249,0,NL,github.com,['1.2.3.4.gooolge'],83.2.73.233,4,True,,Megatron,,0,0,https://www.abuseipdb.com/check/83.2.73.233,Data Center/Web Hosting/Transit
250,1,PL,megatron.com,['1.2.3.4.megatron'],54.183.76.15,4,True,False,Cloudflare,2022-01-06T18:17:47+00:00,1,1,https://www.abuseipdb.com/check/54.183.76.15,Data Center/Web Hosting/Transit
251,0,PL,ocean.com,['1.2.3.4.megatron'],144.86.84.252,4,True,,Ocean,,0,0,https://www.abuseipdb.com/check/144.86.84.252,Fixed Line ISP
252,0,CN,evilcorp.com,['1.2.3.4.alibab'],42.33.113.76,4,True,,Twitter,,0,0,https://www.abuseipdb.com/check/42.33.113.76,
253,0,DE,albina.com,['1.2.3.4.megatron'],6.187.7.55,4,True,,Megatron,,0,0,https://www.abuseipdb.com/check/6.187.7.55,Data Center/Web Hosting/Transit
254,0,DE,twitter.com,['1.2.3.4.tmitter'],181.185.67.149,4,True,,Twitter,,0,0,https://www.abuseipdb.com/check/181.185.67.149,Data Center/Web Hosting/Transit
255,0,US,albina.com,['1.2.3.4.alibab'],14.241.173.26,4,True,,Megatron,,0,0,https://www.abuseipdb.com/check/14.241.173.26,University/College/School
256,23,US,twitter.com,['1.2.3.4.alibab'],169.207.171.42,4,True,False,Twitter,2022-01-22T14:48:00+00:00,5,14,https://www.abuseipdb.com/check/169.207.171.42,Data Center/Web Hosting/Transit
257,0,DE,twitter.com,['1.2.3.4.tmitter'],105.16.8.124,4,True,False,Twitter,2021-08-16T09:39:28+00:00,0,0,https://www.abuseipdb.com/check/105.16.8.124,Data Center/Web Hosting/Transit
258,0,US,github.com,['1.2.3.4.megatron'],179.76.199.182,4,True,False,Megatron,2021-08-16T09:39:28+00:00,0,0,https://www.abuseipdb.com/check/179.76.199.182,Data Center/Web Hosting/Transit
259,13,GB,github.com,['1.2.3.4.gooolge'],158.23.160.246,4,True,False,Github,2021-12-30T14:02:37+00:00,2,4,https://www.abuseipdb.com/check/158.23.160.246,Data Center/Web Hosting/Transit
260,0,NL,twitter.com,['1.2.3.4.gooolge'],6.160.130.73,4,True,False,Alibaba & Rozbojnics,2021-11-04T21:15:28+00:00,1,1,https://www.abuseipdb.com/check/6.160.130.73,Data Center/Web Hosting/Transit
261,0,DE,github.com,['1.2.3.4.megatron'],235.9.192.81,4,True,,Alibaba & Rozbojnics,,0,0,https://www.abuseipdb.com/check/235.9.192.81,Data Center/Web Hosting/Transit
262,0,US,albina.com,['1.2.3.4.alibab'],85.232.173.197,4,True,,Twitter,,0,0,https://www.abuseipdb.com/check/85.232.173.197,Data Center/Web Hosting/Transit
263,0,US,twitter.com,['1.2.3.4.alibab'],38.129.34.125,4,True,,Twitter,,0,0,https://www.abuseipdb.com/check/38.129.34.125,Data Center/Web Hosting/Transit
264,15,US,megatron.com,['1.2.3.4.alibab'],141.199.143.163,4,True,False,Megatron,2022-01-09T13:44:52+00:00,2,2,https://www.abuseipdb.com/check/141.199.143.163,Data Center/Web Hosting/Transit
265,0,US,evilcorp.com,['1.2.3.4.alibab'],88.43.79.199,4,True,,Alibaba & Rozbojnics,,0,0,https://www.abuseipdb.com/check/88.43.79.199,Data Center/Web Hosting/Transit
266,0,DE,evilcorp.com,['1.2.3.4.megatron'],157.206.117.64,4,True,,Ocean,,0,0,https://www.abuseipdb.com/check/157.206.117.64,Data Center/Web Hosting/Transit
267,0,NL,twitter.com,['1.2.3.4.gooolge'],194.51.240.49,4,True,,Github,,0,0,https://www.abuseipdb.com/check/194.51.240.49,Data Center/Web Hosting/Transit
268,0,US,ocean.com,['1.2.3.4.megatron'],45.157.168.30,4,True,,Alibaba & Rozbojnics,,0,0,https://www.abuseipdb.com/check/45.157.168.30,Data Center/Web Hosting/Transit
269,0,US,twitter.com,['1.2.3.4.alibab'],7.204.205.52,4,True,,Twitter,,0,0,https://www.abuseipdb.com/check/7.204.205.52,Data Center/Web Hosting/Transit
270,0,DE,github.com,['1.2.3.4.gooolge'],74.91.21.134,4,True,,Alibaba & Rozbojnics,,0,0,https://www.abuseipdb.com/check/74.91.21.134,Data Center/Web Hosting/Transit
271,0,DE,twitter.com,['1.2.3.4.tmitter'],190.232.48.176,4,True,,Github,,0,0,https://www.abuseipdb.com/check/190.232.48.176,Data Center/Web Hosting/Transit
272,0,DE,evilcorp.com,['1.2.3.4.alibab'],2.42.224.83,4,True,False,Twitter,2021-05-09T22:52:50+00:00,0,0,https://www.abuseipdb.com/check/2.42.224.83,Data Center/Web Hosting/Transit
273,0,DE,megatron.com,['1.2.3.4.gooolge'],1.142.36.188,4,True,,Ocean,,0,0,https://www.abuseipdb.com/check/1.142.36.188,Data Center/Web Hosting/Transit
274,0,GB,ocean.com,['1.2.3.4.megatron'],161.138.138.245,4,True,,Megatron,,0,0,https://www.abuseipdb.com/check/161.138.138.245,Data Center/Web Hosting/Transit
275,0,PL,github.com,['1.2.3.4.gooolge'],141.38.39.37,4,True,,Twitter,,0,0,https://www.abuseipdb.com/check/141.38.39.37,Commercial
276,0,US,ocean.com,['1.2.3.4.gooolge'],209.188.154.22,4,True,False,Megatron,2021-07-22T13:39:31+00:00,0,0,https://www.abuseipdb.com/check/209.188.154.22,Data Center/Web Hosting/Transit
277,0,US,ocean.com,['1.2.3.4.gooolge'],96.208.235.144,4,True,False,Ocean,2021-10-09T00:01:26+00:00,0,0,https://www.abuseipdb.com/check/96.208.235.144,Data Center/Web Hosting/Transit
278,0,US,albina.com,['1.2.3.4.gooolge'],86.208.29.133,4,True,,Twitter,,0,0,https://www.abuseipdb.com/check/86.208.29.133,Data Center/Web Hosting/Transit
279,0,US,github.com,['1.2.3.4.gooolge'],70.255.238.99,4,True,False,Ocean,2021-08-18T08:15:05+00:00,0,0,https://www.abuseipdb.com/check/70.255.238.99,Commercial
280,0,US,ocean.com,['1.2.3.4.tmitter'],214.211.202.216,4,True,False,Github,2021-07-01T22:55:08+00:00,0,0,https://www.abuseipdb.com/check/214.211.202.216,Data Center/Web Hosting/Transit
281,0,US,twitter.com,['1.2.3.4.tmitter'],30.204.225.116,4,True,,Alibaba & Rozbojnics,,0,0,https://www.abuseipdb.com/check/30.204.225.116,Data Center/Web Hosting/Transit
282,0,US,twitter.com,['1.2.3.4.gooolge'],89.46.147.170,4,True,False,Ocean,2021-08-24T18:48:34+00:00,0,0,https://www.abuseipdb.com/check/89.46.147.170,Data Center/Web Hosting/Transit
283,8,US,megatron.com,['1.2.3.4.alibab'],94.99.70.197,4,True,False,Megatron,2021-11-25T20:08:17+00:00,2,2,https://www.abuseipdb.com/check/94.99.70.197,Data Center/Web Hosting/Transit
284,0,US,evilcorp.com,['1.2.3.4.alibab'],244.243.170.107,4,True,False,Cloudflare,2021-09-16T21:58:06+00:00,0,0,https://www.abuseipdb.com/check/244.243.170.107,Data Center/Web Hosting/Transit
285,0,US,twitter.com,['1.2.3.4.gooolge'],26.131.226.146,4,True,False,Ocean,2021-09-15T21:58:06+00:00,0,0,https://www.abuseipdb.com/check/26.131.226.146,Data Center/Web Hosting/Transit
286,0,US,ocean.com,['1.2.3.4.megatron'],63.150.218.111,4,True,False,Github,2021-10-14T21:31:22+00:00,0,0,https://www.abuseipdb.com/check/63.150.218.111,Data Center/Web Hosting/Transit
287,0,NL,github.com,['1.2.3.4.megatron'],148.2.227.55,4,True,False,Github,2021-11-24T22:58:06+00:00,1,1,https://www.abuseipdb.com/check/148.2.227.55,Content Delivery Network
288,0,US,megatron.com,['1.2.3.4.tmitter'],196.81.75.228,4,True,,Megatron,,0,0,https://www.abuseipdb.com/check/196.81.75.228,Data Center/Web Hosting/Transit
289,0,US,ocean.com,['1.2.3.4.megatron'],128.82.221.44,4,True,False,Twitter,2021-11-06T16:39:24+00:00,1,1,https://www.abuseipdb.com/check/128.82.221.44,Data Center/Web Hosting/Transit
290,0,US,evilcorp.com,['1.2.3.4.alibab'],203.190.217.132,4,True,False,Ocean,2022-01-20T14:39:26+00:00,1,9,https://www.abuseipdb.com/check/203.190.217.132,Data Center/Web Hosting/Transit
291,0,US,github.com,['1.2.3.4.alibab'],55.160.50.75,4,True,False,Alibaba & Rozbojnics,2022-01-18T11:39:26+00:00,1,12,https://www.abuseipdb.com/check/55.160.50.75,Data Center/Web Hosting/Transit
292,0,US,albina.com,['1.2.3.4.tmitter'],32.218.173.172,4,True,False,Twitter,2021-08-19T21:11:28+00:00,0,0,https://www.abuseipdb.com/check/32.218.173.172,Data Center/Web Hosting/Transit
293,0,US,megatron.com,['1.2.3.4.tmitter'],104.165.115.185,4,True,False,Alibaba & Rozbojnics,2021-11-25T10:39:27+00:00,1,1,https://www.abuseipdb.com/check/104.165.115.185,Data Center/Web Hosting/Transit
294,17,US,ocean.com,['1.2.3.4.alibab'],74.132.254.92,4,True,False,Cloudflare,2022-01-20T12:39:24+00:00,2,15,https://www.abuseipdb.com/check/74.132.254.92,Data Center/Web Hosting/Transit
295,7,US,albina.com,['1.2.3.4.megatron'],224.93.208.141,4,True,False,Megatron,2022-01-20T14:39:26+00:00,1,16,https://www.abuseipdb.com/check/224.93.208.141,Data Center/Web Hosting/Transit
296,0,US,twitter.com,['1.2.3.4.gooolge'],176.142.133.14,4,True,False,Cloudflare,2022-01-11T11:39:26+00:00,1,1,https://www.abuseipdb.com/check/176.142.133.14,Data Center/Web Hosting/Transit
297,0,US,ocean.com,['1.2.3.4.gooolge'],254.40.140.181,4,True,,Github,,0,0,https://www.abuseipdb.com/check/254.40.140.181,Data Center/Web Hosting/Transit
298,0,US,github.com,['1.2.3.4.tmitter'],57.240.214.180,4,True,False,Twitter,2021-12-13T10:39:32+00:00,1,2,https://www.abuseipdb.com/check/57.240.214.180,Data Center/Web Hosting/Transit
299,0,US,ocean.com,['1.2.3.4.megatron'],20.10.170.178,4,True,False,Twitter,2022-01-20T10:39:23+00:00,1,4,https://www.abuseipdb.com/check/20.10.170.178,Data Center/Web Hosting/Transit
300,0,US,megatron.com,['1.2.3.4.megatron'],253.209.141.209,4,True,False,Ocean,2022-01-20T14:39:26+00:00,1,17,https://www.abuseipdb.com/check/253.209.141.209,Data Center/Web Hosting/Transit
301,0,US,ocean.com,['1.2.3.4.megatron'],110.20.239.194,4,True,False,Alibaba & Rozbojnics,2022-01-14T14:39:20+00:00,1,12,https://www.abuseipdb.com/check/110.20.239.194,Data Center/Web Hosting/Transit
302,7,US,evilcorp.com,['1.2.3.4.alibab'],37.10.137.248,4,True,False,Alibaba & Rozbojnics,2022-01-17T10:39:17+00:00,1,15,https://www.abuseipdb.com/check/37.10.137.248,Data Center/Web Hosting/Transit
303,0,US,github.com,['1.2.3.4.gooolge'],141.197.255.165,4,True,,Cloudflare,,0,0,https://www.abuseipdb.com/check/141.197.255.165,Data Center/Web Hosting/Transit
304,0,US,albina.com,['1.2.3.4.megatron'],6.95.214.8,4,True,False,Alibaba & Rozbojnics,2022-01-20T16:39:22+00:00,1,23,https://www.abuseipdb.com/check/6.95.214.8,Data Center/Web Hosting/Transit
305,0,US,ocean.com,['1.2.3.4.gooolge'],212.42.229.100,4,True,,Twitter,,0,0,https://www.abuseipdb.com/check/212.42.229.100,Data Center/Web Hosting/Transit
306,0,US,evilcorp.com,['1.2.3.4.megatron'],215.110.239.23,4,True,False,Twitter,2021-11-18T10:39:23+00:00,1,3,https://www.abuseipdb.com/check/215.110.239.23,Data Center/Web Hosting/Transit
307,0,US,evilcorp.com,['1.2.3.4.megatron'],162.185.191.19,4,True,False,Cloudflare,2022-01-10T14:39:18+00:00,1,2,https://www.abuseipdb.com/check/162.185.191.19,Data Center/Web Hosting/Transit
308,0,US,megatron.com,['1.2.3.4.gooolge'],172.53.197.52,4,True,False,Cloudflare,2022-01-20T14:39:26+00:00,1,11,https://www.abuseipdb.com/check/172.53.197.52,Data Center/Web Hosting/Transit
309,0,US,megatron.com,['1.2.3.4.alibab'],186.157.130.29,4,True,False,Github,2022-01-17T10:39:17+00:00,1,16,https://www.abuseipdb.com/check/186.157.130.29,Data Center/Web Hosting/Transit
310,0,US,github.com,['1.2.3.4.gooolge'],91.218.23.115,4,True,False,Ocean,2022-01-10T12:39:17+00:00,1,3,https://www.abuseipdb.com/check/91.218.23.115,Data Center/Web Hosting/Transit
311,0,US,ocean.com,['1.2.3.4.tmitter'],28.179.232.237,4,True,,Twitter,,0,0,https://www.abuseipdb.com/check/28.179.232.237,Data Center/Web Hosting/Transit
312,7,US,megatron.com,['1.2.3.4.megatron'],24.182.69.232,4,True,False,Alibaba & Rozbojnics,2022-01-19T08:39:27+00:00,1,23,https://www.abuseipdb.com/check/24.182.69.232,Data Center/Web Hosting/Transit
313,6,US,github.com,['1.2.3.4.alibab'],150.33.205.157,4,True,False,Twitter,2022-01-12T14:39:16+00:00,1,17,https://www.abuseipdb.com/check/150.33.205.157,Data Center/Web Hosting/Transit
314,0,US,megatron.com,['1.2.3.4.alibab'],227.195.83.36,4,True,False,Alibaba & Rozbojnics,2021-11-24T14:39:33+00:00,1,1,https://www.abuseipdb.com/check/227.195.83.36,Data Center/Web Hosting/Transit
315,0,US,evilcorp.com,['1.2.3.4.gooolge'],15.116.206.236,4,True,False,Cloudflare,2021-12-03T18:39:24+00:00,1,1,https://www.abuseipdb.com/check/15.116.206.236,Data Center/Web Hosting/Transit
316,7,US,ocean.com,['1.2.3.4.alibab'],84.135.102.119,4,True,False,Github,2022-01-17T14:39:21+00:00,1,13,https://www.abuseipdb.com/check/84.135.102.119,Data Center/Web Hosting/Transit
317,23,US,evilcorp.com,['1.2.3.4.tmitter'],149.13.81.158,4,True,False,Ocean,2022-01-19T21:10:49+00:00,3,11,https://www.abuseipdb.com/check/149.13.81.158,Data Center/Web Hosting/Transit
318,0,US,ocean.com,['1.2.3.4.megatron'],10.10.49.228,4,True,,Alibaba & Rozbojnics,,0,0,https://www.abuseipdb.com/check/10.10.49.228,Data Center/Web Hosting/Transit
319,0,US,twitter.com,['1.2.3.4.gooolge'],147.149.192.13,4,True,False,Github,2022-01-21T14:39:15+00:00,1,9,https://www.abuseipdb.com/check/147.149.192.13,Data Center/Web Hosting/Transit
320,0,US,albina.com,['1.2.3.4.megatron'],46.171.15.211,4,True,False,Megatron,2021-12-15T10:39:29+00:00,1,1,https://www.abuseipdb.com/check/46.171.15.211,Data Center/Web Hosting/Transit
321,7,US,megatron.com,['1.2.3.4.alibab'],75.101.214.126,4,True,False,Alibaba & Rozbojnics,2022-01-17T11:39:31+00:00,1,6,https://www.abuseipdb.com/check/75.101.214.126,Data Center/Web Hosting/Transit
322,0,US,megatron.com,['1.2.3.4.tmitter'],227.167.226.156,4,True,False,Ocean,2021-11-08T06:49:28+00:00,1,1,https://www.abuseipdb.com/check/227.167.226.156,Data Center/Web Hosting/Transit
323,0,CA,github.com,['1.2.3.4.alibab'],187.35.111.7,4,True,,Alibaba & Rozbojnics,,0,0,https://www.abuseipdb.com/check/187.35.111.7,Data Center/Web Hosting/Transit
324,0,US,albina.com,['1.2.3.4.gooolge'],68.133.1.62,4,True,,Ocean,,0,0,https://www.abuseipdb.com/check/68.133.1.62,Data Center/Web Hosting/Transit
325,0,US,megatron.com,['1.2.3.4.gooolge'],180.212.201.150,4,True,,Alibaba & Rozbojnics,,0,0,https://www.abuseipdb.com/check/180.212.201.150,Data Center/Web Hosting/Transit
326,0,US,github.com,['1.2.3.4.alibab'],15.253.18.200,4,True,,Alibaba & Rozbojnics,,0,0,https://www.abuseipdb.com/check/15.253.18.200,Data Center/Web Hosting/Transit
327,0,PL,ocean.com,['1.2.3.4.alibab'],37.212.130.157,4,True,False,Megatron,2021-01-06T00:39:18+00:00,0,0,https://www.abuseipdb.com/check/37.212.130.157,Data Center/Web Hosting/Transit
328,0,PL,ocean.com,['1.2.3.4.megatron'],67.55.168.25,4,True,,Ocean,,0,0,https://www.abuseipdb.com/check/67.55.168.25,Data Center/Web Hosting/Transit
329,0,PL,ocean.com,['1.2.3.4.megatron'],87.184.154.82,4,True,,Cloudflare,,0,0,https://www.abuseipdb.com/check/87.184.154.82,Data Center/Web Hosting/Transit
330,0,PL,ocean.com,['1.2.3.4.alibab'],62.52.173.80,4,True,,Megatron,,0,0,https://www.abuseipdb.com/check/62.52.173.80,Data Center/Web Hosting/Transit
331,0,PL,twitter.com,['1.2.3.4.alibab'],49.200.69.179,4,True,,Cloudflare,,0,0,https://www.abuseipdb.com/check/49.200.69.179,Data Center/Web Hosting/Transit
332,0,PL,github.com,['1.2.3.4.megatron'],254.137.25.73,4,True,,Ocean,,0,0,https://www.abuseipdb.com/check/254.137.25.73,Data Center/Web Hosting/Transit
333,0,PL,github.com,['1.2.3.4.gooolge'],141.74.9.226,4,True,,Github,,0,0,https://www.abuseipdb.com/check/141.74.9.226,Data Center/Web Hosting/Transit
334,0,PL,twitter.com,['1.2.3.4.megatron'],47.182.169.110,4,True,,Cloudflare,,0,0,https://www.abuseipdb.com/check/47.182.169.110,Data Center/Web Hosting/Transit
335,0,PL,twitter.com,['1.2.3.4.gooolge'],122.124.142.163,4,True,,Alibaba & Rozbojnics,,0,0,https://www.abuseipdb.com/check/122.124.142.163,Data Center/Web Hosting/Transit
336,0,PL,github.com,['1.2.3.4.megatron'],161.31.35.5,4,True,,Cloudflare,,0,0,https://www.abuseipdb.com/check/161.31.35.5,Data Center/Web Hosting/Transit
337,0,PL,megatron.com,['1.2.3.4.tmitter'],8.87.205.27,4,True,,Twitter,,0,0,https://www.abuseipdb.com/check/8.87.205.27,Data Center/Web Hosting/Transit
338,0,CZ,evilcorp.com,['1.2.3.4.gooolge'],188.133.116.123,4,True,,Ocean,,0,0,https://www.abuseipdb.com/check/188.133.116.123,University/College/School
339,0,CZ,twitter.com,['1.2.3.4.megatron'],238.77.188.99,4,True,,Cloudflare,,0,0,https://www.abuseipdb.com/check/238.77.188.99,University/College/School
340,0,LU,github.com,['1.2.3.4.tmitter'],105.229.244.18,4,True,,Github,,0,0,https://www.abuseipdb.com/check/105.229.244.18,Organization
341,0,LU,ocean.com,['1.2.3.4.alibab'],183.160.162.165,4,True,,Ocean,,0,0,https://www.abuseipdb.com/check/183.160.162.165,Organization
342,32,US,megatron.com,['1.2.3.4.megatron'],98.45.249.127,4,True,,Cloudflare,,0,0,https://www.abuseipdb.com/check/98.45.249.127,University/College/School
343,0,US,twitter.com,['1.2.3.4.megatron'],25.7.167.44,4,True,,Cloudflare,,0,0,https://www.abuseipdb.com/check/25.7.167.44,Data Center/Web Hosting/Transit
344,0,DE,ocean.com,['1.2.3.4.megatron'],205.97.235.61,4,True,,Alibaba & Rozbojnics,,0,0,https://www.abuseipdb.com/check/205.97.235.61,Data Center/Web Hosting/Transit
345,0,GB,albina.com,['1.2.3.4.alibab'],24.239.161.124,4,True,False,Ocean,2021-11-25T23:28:15+00:00,2,3,https://www.abuseipdb.com/check/24.239.161.124,Data Center/Web Hosting/Transit
346,0,US,ocean.com,['1.2.3.4.tmitter'],40.40.38.214,4,True,,Github,,0,0,https://www.abuseipdb.com/check/40.40.38.214,Data Center/Web Hosting/Transit
347,0,US,albina.com,['1.2.3.4.tmitter'],49.21.100.202,4,True,,Github,,0,0,https://www.abuseipdb.com/check/49.21.100.202,Data Center/Web Hosting/Transit
348,2,US,albina.com,['1.2.3.4.tmitter'],184.30.2.193,4,True,False,Megatron,2021-12-18T07:59:04+00:00,1,1,https://www.abuseipdb.com/check/184.30.2.193,Content Delivery Network
349,0,US,albina.com,['1.2.3.4.megatron'],14.182.54.56,4,True,,Twitter,,0,0,https://www.abuseipdb.com/check/14.182.54.56,Content Delivery Network
350,0,US,evilcorp.com,['1.2.3.4.tmitter'],45.49.80.207,4,True,False,Megatron,2021-09-18T21:52:37+00:00,0,0,https://www.abuseipdb.com/check/45.49.80.207,Content Delivery Network
351,0,US,github.com,['1.2.3.4.tmitter'],186.49.89.203,4,True,False,Alibaba & Rozbojnics,2021-02-17T00:56:04+00:00,0,0,https://www.abuseipdb.com/check/186.49.89.203,Content Delivery Network
352,0,US,ocean.com,['1.2.3.4.gooolge'],115.83.62.60,4,True,False,Ocean,2021-03-11T21:14:16+00:00,0,0,https://www.abuseipdb.com/check/115.83.62.60,Content Delivery Network
353,0,US,evilcorp.com,['1.2.3.4.alibab'],79.10.75.194,4,True,,Twitter,,0,0,https://www.abuseipdb.com/check/79.10.75.194,Content Delivery Network
354,0,US,evilcorp.com,['1.2.3.4.tmitter'],174.6.37.225,4,True,,Ocean,,0,0,https://www.abuseipdb.com/check/174.6.37.225,Content Delivery Network
355,0,US,github.com,['1.2.3.4.gooolge'],211.169.244.31,4,True,,Cloudflare,,0,0,https://www.abuseipdb.com/check/211.169.244.31,Content Delivery Network
356,0,US,twitter.com,['1.2.3.4.tmitter'],114.110.175.86,4,True,,Alibaba & Rozbojnics,,0,0,https://www.abuseipdb.com/check/114.110.175.86,Content Delivery Network
357,0,US,albina.com,['1.2.3.4.alibab'],94.13.110.216,4,True,False,Ocean,2020-11-23T21:16:45+00:00,0,0,https://www.abuseipdb.com/check/94.13.110.216,Content Delivery Network
358,0,US,albina.com,['1.2.3.4.tmitter'],41.72.41.200,4,True,,Cloudflare,,0,0,https://www.abuseipdb.com/check/41.72.41.200,Content Delivery Network
359,0,US,evilcorp.com,['1.2.3.4.gooolge'],42.67.211.167,4,True,,Cloudflare,,0,0,https://www.abuseipdb.com/check/42.67.211.167,Content Delivery Network
360,0,US,albina.com,['1.2.3.4.tmitter'],205.114.143.184,4,True,,Github,,0,0,https://www.abuseipdb.com/check/205.114.143.184,Content Delivery Network
361,0,US,github.com,['1.2.3.4.gooolge'],217.208.79.182,4,True,,Ocean,,0,0,https://www.abuseipdb.com/check/217.208.79.182,Content Delivery Network
362,0,US,evilcorp.com,['1.2.3.4.megatron'],154.4.108.44,4,True,,Megatron,,0,0,https://www.abuseipdb.com/check/154.4.108.44,Content Delivery Network
363,0,US,github.com,['1.2.3.4.alibab'],124.115.165.64,4,True,False,Alibaba & Rozbojnics,2021-12-09T22:58:06+00:00,1,6,https://www.abuseipdb.com/check/124.115.165.64,Content Delivery Network
364,0,US,megatron.com,['1.2.3.4.gooolge'],165.69.156.194,4,True,,Twitter,,0,0,https://www.abuseipdb.com/check/165.69.156.194,Content Delivery Network
365,0,US,evilcorp.com,['1.2.3.4.megatron'],54.91.248.83,4,True,False,Megatron,2021-02-13T08:13:13+00:00,0,0,https://www.abuseipdb.com/check/54.91.248.83,Content Delivery Network
366,0,US,ocean.com,['1.2.3.4.tmitter'],248.135.207.242,4,True,,Twitter,,0,0,https://www.abuseipdb.com/check/248.135.207.242,Content Delivery Network
367,2,US,ocean.com,['1.2.3.4.gooolge'],143.174.212.151,4,True,False,Ocean,2021-12-09T22:58:06+00:00,1,5,https://www.abuseipdb.com/check/143.174.212.151,Content Delivery Network
368,0,US,twitter.com,['1.2.3.4.megatron'],141.145.64.97,4,True,False,Megatron,2021-09-04T07:07:26+00:00,0,0,https://www.abuseipdb.com/check/141.145.64.97,Content Delivery Network
369,0,US,ocean.com,['1.2.3.4.alibab'],96.165.31.227,4,True,,Twitter,,0,0,https://www.abuseipdb.com/check/96.165.31.227,Content Delivery Network
370,0,US,evilcorp.com,['1.2.3.4.tmitter'],8.162.183.135,4,True,,Cloudflare,,0,0,https://www.abuseipdb.com/check/8.162.183.135,Content Delivery Network
371,0,US,evilcorp.com,['1.2.3.4.megatron'],51.242.43.121,4,True,False,Megatron,2021-04-14T20:07:27+00:00,0,0,https://www.abuseipdb.com/check/51.242.43.121,Content Delivery Network
372,0,US,albina.com,['1.2.3.4.alibab'],111.34.35.87,4,True,,Megatron,,0,0,https://www.abuseipdb.com/check/111.34.35.87,Content Delivery Network
373,0,US,albina.com,['1.2.3.4.gooolge'],12.236.197.58,4,True,,Cloudflare,,0,0,https://www.abuseipdb.com/check/12.236.197.58,Content Delivery Network
374,0,US,megatron.com,['1.2.3.4.alibab'],178.101.135.180,4,True,False,Github,2021-06-08T12:10:12+00:00,0,0,https://www.abuseipdb.com/check/178.101.135.180,Content Delivery Network
375,0,US,ocean.com,['1.2.3.4.gooolge'],168.225.174.235,4,True,False,Megatron,2021-01-22T13:46:02+00:00,0,0,https://www.abuseipdb.com/check/168.225.174.235,Content Delivery Network
376,0,US,github.com,['1.2.3.4.gooolge'],193.186.238.237,4,True,,Cloudflare,,0,0,https://www.abuseipdb.com/check/193.186.238.237,Content Delivery Network
377,0,US,evilcorp.com,['1.2.3.4.megatron'],64.33.125.75,4,True,,Twitter,,0,0,https://www.abuseipdb.com/check/64.33.125.75,Content Delivery Network
378,0,US,evilcorp.com,['1.2.3.4.alibab'],31.159.213.69,4,True,False,Alibaba & Rozbojnics,2021-11-26T00:40:44+00:00,1,1,https://www.abuseipdb.com/check/31.159.213.69,Content Delivery Network
379,0,US,megatron.com,['1.2.3.4.gooolge'],153.230.123.40,4,True,False,Alibaba & Rozbojnics,2021-04-27T00:27:58+00:00,0,0,https://www.abuseipdb.com/check/153.230.123.40,Content Delivery Network
380,0,US,twitter.com,['1.2.3.4.gooolge'],238.228.98.245,4,True,False,Twitter,2021-05-30T20:41:38+00:00,0,0,https://www.abuseipdb.com/check/238.228.98.245,Content Delivery Network
381,0,US,twitter.com,['1.2.3.4.tmitter'],55.16.40.139,4,True,False,Megatron,2021-03-05T11:26:18+00:00,0,0,https://www.abuseipdb.com/check/55.16.40.139,Content Delivery Network
382,0,US,github.com,['1.2.3.4.megatron'],59.153.57.199,4,True,,Megatron,,0,0,https://www.abuseipdb.com/check/59.153.57.199,Content Delivery Network
383,6,US,megatron.com,['1.2.3.4.gooolge'],240.40.86.45,4,True,False,Megatron,2022-01-13T15:55:55+00:00,1,1,https://www.abuseipdb.com/check/240.40.86.45,Content Delivery Network
384,58,US,evilcorp.com,['1.2.3.4.megatron'],102.109.42.94,4,True,False,Ocean,2021-01-31T10:19:19+00:00,0,0,https://www.abuseipdb.com/check/102.109.42.94,Content Delivery Network
385,0,US,evilcorp.com,['1.2.3.4.gooolge'],231.166.208.186,4,True,,Megatron,,0,0,https://www.abuseipdb.com/check/231.166.208.186,Content Delivery Network
386,0,US,albina.com,['1.2.3.4.gooolge'],218.92.213.11,4,True,False,Ocean,2021-04-20T06:10:22+00:00,0,0,https://www.abuseipdb.com/check/218.92.213.11,Content Delivery Network
387,4,US,ocean.com,['1.2.3.4.megatron'],159.58.207.41,4,True,False,Ocean,2022-01-20T15:23:16+00:00,1,8,https://www.abuseipdb.com/check/159.58.207.41,Content Delivery Network
388,0,US,github.com,['1.2.3.4.megatron'],235.86.120.212,4,True,False,Cloudflare,2021-03-04T06:36:56+00:00,0,0,https://www.abuseipdb.com/check/235.86.120.212,Content Delivery Network
389,0,US,albina.com,['1.2.3.4.gooolge'],201.155.143.141,4,True,False,Ocean,2021-02-26T10:39:17+00:00,0,0,https://www.abuseipdb.com/check/201.155.143.141,Content Delivery Network
390,0,US,albina.com,['1.2.3.4.tmitter'],205.215.108.202,4,True,False,Megatron,2021-04-07T04:56:14+00:00,0,0,https://www.abuseipdb.com/check/205.215.108.202,Content Delivery Network
391,0,US,albina.com,['1.2.3.4.alibab'],43.114.3.244,4,True,False,Ocean,2021-04-08T15:22:27+00:00,0,0,https://www.abuseipdb.com/check/43.114.3.244,Content Delivery Network
392,0,US,ocean.com,['1.2.3.4.alibab'],1.157.147.115,4,True,,Cloudflare,,0,0,https://www.abuseipdb.com/check/1.157.147.115,Content Delivery Network
393,0,US,megatron.com,['1.2.3.4.tmitter'],4.123.180.91,4,True,,Twitter,,0,0,https://www.abuseipdb.com/check/4.123.180.91,Content Delivery Network
394,0,US,twitter.com,['1.2.3.4.tmitter'],244.135.28.224,4,True,False,Alibaba & Rozbojnics,2021-08-10T19:46:13+00:00,0,0,https://www.abuseipdb.com/check/244.135.28.224,Content Delivery Network
395,7,US,evilcorp.com,['1.2.3.4.megatron'],223.94.100.64,4,True,False,Megatron,2022-01-22T10:06:45+00:00,1,71,https://www.abuseipdb.com/check/223.94.100.64,Content Delivery Network
396,0,US,albina.com,['1.2.3.4.tmitter'],180.116.210.101,4,True,,Ocean,,0,0,https://www.abuseipdb.com/check/180.116.210.101,Content Delivery Network
397,27,US,evilcorp.com,['1.2.3.4.tmitter'],39.23.24.253,4,True,False,Alibaba & Rozbojnics,2021-11-04T21:24:06+00:00,1,1,https://www.abuseipdb.com/check/39.23.24.253,Content Delivery Network
398,0,US,evilcorp.com,['1.2.3.4.gooolge'],185.33.150.122,4,True,False,Ocean,2021-06-19T20:51:38+00:00,0,0,https://www.abuseipdb.com/check/185.33.150.122,Content Delivery Network
399,12,US,albina.com,['1.2.3.4.megatron'],110.199.217.7,4,True,False,Alibaba & Rozbojnics,2021-12-13T21:55:55+00:00,2,2,https://www.abuseipdb.com/check/110.199.217.7,Content Delivery Network
400,0,US,github.com,['1.2.3.4.tmitter'],54.190.217.56,4,True,False,Github,2021-04-02T13:49:48+00:00,0,0,https://www.abuseipdb.com/check/54.190.217.56,Content Delivery Network
401,0,US,evilcorp.com,['1.2.3.4.megatron'],213.123.28.144,4,True,False,Cloudflare,2021-01-02T19:21:20+00:00,0,0,https://www.abuseipdb.com/check/213.123.28.144,Content Delivery Network
402,0,US,evilcorp.com,['1.2.3.4.megatron'],57.194.47.27,4,True,False,Megatron,2021-11-04T21:24:06+00:00,1,1,https://www.abuseipdb.com/check/57.194.47.27,Content Delivery Network
403,0,US,albina.com,['1.2.3.4.megatron'],135.19.34.148,4,True,,Ocean,,0,0,https://www.abuseipdb.com/check/135.19.34.148,Content Delivery Network
404,0,US,megatron.com,['1.2.3.4.gooolge'],139.26.70.91,4,True,False,Twitter,2021-10-09T20:35:11+00:00,0,0,https://www.abuseipdb.com/check/139.26.70.91,Content Delivery Network
405,0,US,megatron.com,['1.2.3.4.alibab'],67.255.205.218,4,True,False,Ocean,2021-05-30T20:38:28+00:00,0,0,https://www.abuseipdb.com/check/67.255.205.218,Content Delivery Network
406,1,US,albina.com,['1.2.3.4.alibab'],75.192.244.115,4,True,False,Megatron,2021-12-03T18:41:18+00:00,1,1,https://www.abuseipdb.com/check/75.192.244.115,Content Delivery Network
407,51,US,megatron.com,['1.2.3.4.megatron'],15.245.131.92,4,True,False,Github,2022-01-13T19:08:47+00:00,8,10,https://www.abuseipdb.com/check/15.245.131.92,Content Delivery Network
408,0,US,evilcorp.com,['1.2.3.4.alibab'],188.212.149.75,4,True,False,Alibaba & Rozbojnics,2021-11-04T22:22:56+00:00,1,1,https://www.abuseipdb.com/check/188.212.149.75,Data Center/Web Hosting/Transit
409,0,US,megatron.com,['1.2.3.4.megatron'],217.254.96.87,4,True,False,Github,2021-08-27T10:37:05+00:00,0,0,https://www.abuseipdb.com/check/217.254.96.87,Data Center/Web Hosting/Transit
410,19,US,megatron.com,['1.2.3.4.megatron'],136.196.253.160,4,True,False,Ocean,2022-01-05T07:40:05+00:00,4,5,https://www.abuseipdb.com/check/136.196.253.160,Data Center/Web Hosting/Transit
411,0,US,ocean.com,['1.2.3.4.megatron'],30.177.235.67,4,True,False,Alibaba & Rozbojnics,2021-09-11T22:46:00+00:00,0,0,https://www.abuseipdb.com/check/30.177.235.67,Data Center/Web Hosting/Transit
412,0,US,twitter.com,['1.2.3.4.gooolge'],232.136.62.217,4,True,False,Github,2021-05-12T15:39:23+00:00,0,0,https://www.abuseipdb.com/check/232.136.62.217,Data Center/Web Hosting/Transit
413,0,US,albina.com,['1.2.3.4.megatron'],116.239.80.130,4,True,False,Twitter,2021-12-21T10:39:22+00:00,1,1,https://www.abuseipdb.com/check/116.239.80.130,Data Center/Web Hosting/Transit
414,1,US,albina.com,['1.2.3.4.tmitter'],17.72.252.98,4,True,False,Cloudflare,2021-12-02T14:39:23+00:00,2,2,https://www.abuseipdb.com/check/17.72.252.98,Data Center/Web Hosting/Transit
415,0,US,ocean.com,['1.2.3.4.tmitter'],205.14.117.162,4,True,False,Ocean,2021-11-04T22:28:24+00:00,1,1,https://www.abuseipdb.com/check/205.14.117.162,Data Center/Web Hosting/Transit
416,0,US,ocean.com,['1.2.3.4.tmitter'],250.68.179.193,4,True,False,Cloudflare,2021-09-01T07:53:06+00:00,0,0,https://www.abuseipdb.com/check/250.68.179.193,Data Center/Web Hosting/Transit
417,0,FR,evilcorp.com,['1.2.3.4.gooolge'],87.75.225.16,4,True,False,Twitter,2021-10-16T11:46:20+00:00,0,0,https://www.abuseipdb.com/check/87.75.225.16,Data Center/Web Hosting/Transit
418,0,PL,github.com,['1.2.3.4.alibab'],143.22.143.154,4,True,,Github,,0,0,https://www.abuseipdb.com/check/143.22.143.154,University/College/School
419,0,SG,evilcorp.com,['1.2.3.4.gooolge'],178.27.62.103,4,True,,Twitter,,0,0,https://www.abuseipdb.com/check/178.27.62.103,University/College/School
420,0,DE,twitter.com,['1.2.3.4.megatron'],170.54.229.127,4,True,,Twitter,,0,0,https://www.abuseipdb.com/check/170.54.229.127,Data Center/Web Hosting/Transit
421,0,NL,github.com,['1.2.3.4.tmitter'],58.76.231.54,4,True,False,Megatron,2021-10-29T09:39:22+00:00,1,1,https://www.abuseipdb.com/check/58.76.231.54,Data Center/Web Hosting/Transit
422,0,DE,evilcorp.com,['1.2.3.4.tmitter'],201.224.1.176,4,True,,Twitter,,0,0,https://www.abuseipdb.com/check/201.224.1.176,Data Center/Web Hosting/Transit
423,0,DE,github.com,['1.2.3.4.megatron'],171.105.237.170,4,True,,Megatron,,0,0,https://www.abuseipdb.com/check/171.105.237.170,Data Center/Web Hosting/Transit
424,0,DE,twitter.com,['1.2.3.4.gooolge'],224.133.31.95,4,True,,Cloudflare,,0,0,https://www.abuseipdb.com/check/224.133.31.95,Data Center/Web Hosting/Transit
425,0,US,ocean.com,['1.2.3.4.alibab'],181.14.137.44,4,True,,Alibaba & Rozbojnics,,0,0,https://www.abuseipdb.com/check/181.14.137.44,University/College/School
426,0,US,ocean.com,['1.2.3.4.tmitter'],6.21.153.42,4,True,,Twitter,,0,0,https://www.abuseipdb.com/check/6.21.153.42,Data Center/Web Hosting/Transit
427,0,US,ocean.com,['1.2.3.4.gooolge'],88.215.3.48,4,True,False,Alibaba & Rozbojnics,2021-11-04T22:14:19+00:00,1,1,https://www.abuseipdb.com/check/88.215.3.48,Content Delivery Network
428,0,US,megatron.com,['1.2.3.4.megatron'],157.245.123.148,4,True,False,Twitter,2022-01-12T21:39:24+00:00,2,4,https://www.abuseipdb.com/check/157.245.123.148,Content Delivery Network
429,0,US,github.com,['1.2.3.4.tmitter'],159.196.229.11,4,True,True,Github,2021-11-04T21:00:45+00:00,1,1,https://www.abuseipdb.com/check/159.196.229.11,Content Delivery Network
430,0,US,albina.com,['1.2.3.4.alibab'],221.20.19.10,4,True,False,Cloudflare,2021-11-04T21:00:48+00:00,1,1,https://www.abuseipdb.com/check/221.20.19.10,Content Delivery Network
431,0,US,ocean.com,['1.2.3.4.tmitter'],154.74.204.213,4,True,False,Megatron,2021-11-04T21:39:03+00:00,1,1,https://www.abuseipdb.com/check/154.74.204.213,Content Delivery Network
432,0,US,albina.com,['1.2.3.4.alibab'],80.54.232.35,4,True,True,Alibaba & Rozbojnics,2021-11-04T21:32:19+00:00,1,1,https://www.abuseipdb.com/check/80.54.232.35,Content Delivery Network
433,0,US,ocean.com,['1.2.3.4.megatron'],114.127.189.156,4,True,False,Megatron,2021-10-05T22:59:05+00:00,0,0,https://www.abuseipdb.com/check/114.127.189.156,Content Delivery Network
434,32,US,evilcorp.com,['1.2.3.4.alibab'],50.37.3.193,4,True,False,Twitter,2022-01-20T16:45:58+00:00,4,5,https://www.abuseipdb.com/check/50.37.3.193,Content Delivery Network
435,0,US,ocean.com,['1.2.3.4.tmitter'],114.188.5.115,4,True,False,Megatron,2021-06-11T11:35:09+00:00,0,0,https://www.abuseipdb.com/check/114.188.5.115,Content Delivery Network
436,0,US,github.com,['1.2.3.4.alibab'],4.66.94.231,4,True,False,Twitter,2021-11-04T22:14:15+00:00,1,1,https://www.abuseipdb.com/check/4.66.94.231,Content Delivery Network
437,0,US,ocean.com,['1.2.3.4.tmitter'],188.84.60.112,4,True,False,Megatron,2021-10-05T22:59:05+00:00,0,0,https://www.abuseipdb.com/check/188.84.60.112,Content Delivery Network
438,6,US,megatron.com,['1.2.3.4.alibab'],28.108.214.57,4,True,False,Github,2022-01-20T12:35:41+00:00,3,4,https://www.abuseipdb.com/check/28.108.214.57,Content Delivery Network
439,0,US,evilcorp.com,['1.2.3.4.tmitter'],23.102.66.120,4,True,True,Ocean,2021-11-04T21:39:05+00:00,1,1,https://www.abuseipdb.com/check/23.102.66.120,Content Delivery Network
440,0,US,ocean.com,['1.2.3.4.alibab'],159.91.201.250,4,True,False,Ocean,2021-11-04T21:21:38+00:00,1,1,https://www.abuseipdb.com/check/159.91.201.250,Content Delivery Network
441,14,US,megatron.com,['1.2.3.4.tmitter'],11.205.72.164,4,True,False,Alibaba & Rozbojnics,2022-01-22T03:56:15+00:00,4,4,https://www.abuseipdb.com/check/11.205.72.164,Content Delivery Network
442,0,US,twitter.com,['1.2.3.4.tmitter'],233.76.110.197,4,True,False,Alibaba & Rozbojnics,2021-11-04T22:59:18+00:00,2,5,https://www.abuseipdb.com/check/233.76.110.197,Content Delivery Network
443,15,US,albina.com,['1.2.3.4.megatron'],197.209.20.188,4,True,False,Github,2021-10-05T21:26:55+00:00,0,0,https://www.abuseipdb.com/check/197.209.20.188,Content Delivery Network
444,0,US,github.com,['1.2.3.4.gooolge'],117.102.154.31,4,True,False,Cloudflare,2021-11-10T08:11:49+00:00,2,2,https://www.abuseipdb.com/check/117.102.154.31,Content Delivery Network
445,1,US,evilcorp.com,['1.2.3.4.gooolge'],170.47.151.46,4,True,False,Ocean,2021-12-01T21:39:26+00:00,2,6,https://www.abuseipdb.com/check/170.47.151.46,Content Delivery Network
446,16,US,github.com,['1.2.3.4.gooolge'],85.53.179.16,4,True,False,Twitter,2022-01-20T22:15:50+00:00,10,10,https://www.abuseipdb.com/check/85.53.179.16,Content Delivery Network
447,16,US,evilcorp.com,['1.2.3.4.alibab'],128.228.91.219,4,True,False,Megatron,2022-01-17T03:48:04+00:00,3,5,https://www.abuseipdb.com/check/128.228.91.219,Content Delivery Network
448,0,US,evilcorp.com,['1.2.3.4.alibab'],12.193.45.104,4,True,False,Twitter,2021-02-01T23:35:41+00:00,0,0,https://www.abuseipdb.com/check/12.193.45.104,Content Delivery Network
449,0,US,twitter.com,['1.2.3.4.megatron'],239.16.48.189,4,True,,Megatron,,0,0,https://www.abuseipdb.com/check/239.16.48.189,Content Delivery Network
450,6,US,megatron.com,['1.2.3.4.gooolge'],192.43.24.7,4,True,False,Github,2022-01-14T21:15:50+00:00,2,4,https://www.abuseipdb.com/check/192.43.24.7,Content Delivery Network
451,67,US,megatron.com,['1.2.3.4.megatron'],182.136.250.133,4,True,True,Alibaba & Rozbojnics,2022-01-17T08:24:32+00:00,1,1,https://www.abuseipdb.com/check/182.136.250.133,Content Delivery Network
452,0,US,github.com,['1.2.3.4.alibab'],170.166.187.30,4,True,True,Megatron,2021-07-01T05:42:20+00:00,0,0,https://www.abuseipdb.com/check/170.166.187.30,Content Delivery Network
453,0,US,ocean.com,['1.2.3.4.alibab'],45.27.180.91,4,True,,Megatron,,0,0,https://www.abuseipdb.com/check/45.27.180.91,Content Delivery Network
454,0,DE,megatron.com,['1.2.3.4.tmitter'],100.136.116.198,4,True,,Alibaba & Rozbojnics,,0,0,https://www.abuseipdb.com/check/100.136.116.198,Data Center/Web Hosting/Transit
455,0,DE,evilcorp.com,['1.2.3.4.gooolge'],123.22.142.178,4,True,,Github,,0,0,https://www.abuseipdb.com/check/123.22.142.178,Data Center/Web Hosting/Transit
456,0,DE,ocean.com,['1.2.3.4.megatron'],103.248.162.224,4,True,,Github,,0,0,https://www.abuseipdb.com/check/103.248.162.224,Data Center/Web Hosting/Transit
457,0,DE,albina.com,['1.2.3.4.tmitter'],212.175.57.167,4,True,,Ocean,,0,0,https://www.abuseipdb.com/check/212.175.57.167,Data Center/Web Hosting/Transit
458,0,DE,evilcorp.com,['1.2.3.4.megatron'],48.138.108.97,4,True,,Twitter,,0,0,https://www.abuseipdb.com/check/48.138.108.97,Data Center/Web Hosting/Transit
459,0,DE,megatron.com,['1.2.3.4.alibab'],6.219.250.187,4,True,,Ocean,,0,0,https://www.abuseipdb.com/check/6.219.250.187,Data Center/Web Hosting/Transit
460,0,DE,megatron.com,['1.2.3.4.alibab'],137.171.185.177,4,True,,Ocean,,0,0,https://www.abuseipdb.com/check/137.171.185.177,Data Center/Web Hosting/Transit
461,0,DE,twitter.com,['1.2.3.4.gooolge'],170.107.67.2,4,True,,Twitter,,0,0,https://www.abuseipdb.com/check/170.107.67.2,Data Center/Web Hosting/Transit
462,0,FR,megatron.com,['1.2.3.4.gooolge'],15.162.200.128,4,True,,Alibaba & Rozbojnics,,0,0,https://www.abuseipdb.com/check/15.162.200.128,Data Center/Web Hosting/Transit
463,0,DE,ocean.com,['1.2.3.4.tmitter'],137.71.137.148,4,True,,Twitter,,0,0,https://www.abuseipdb.com/check/137.71.137.148,Data Center/Web Hosting/Transit
464,0,DE,albina.com,['1.2.3.4.tmitter'],226.79.70.194,4,True,False,Ocean,2021-11-12T19:41:37+00:00,1,9,https://www.abuseipdb.com/check/226.79.70.194,Data Center/Web Hosting/Transit
465,0,US,albina.com,['1.2.3.4.tmitter'],14.196.238.211,4,True,False,Ocean,2021-08-10T20:32:46+00:00,0,0,https://www.abuseipdb.com/check/14.196.238.211,Data Center/Web Hosting/Transit
466,0,US,github.com,['1.2.3.4.alibab'],184.155.226.133,4,True,,Alibaba & Rozbojnics,,0,0,https://www.abuseipdb.com/check/184.155.226.133,Data Center/Web Hosting/Transit
467,23,US,megatron.com,['1.2.3.4.alibab'],90.166.234.82,4,True,False,Ocean,2022-01-17T22:04:27+00:00,4,4,https://www.abuseipdb.com/check/90.166.234.82,Data Center/Web Hosting/Transit
468,0,,megatron.com,['1.2.3.4.alibab'],3.108.151.37,4,False,,Ocean,,0,0,https://www.abuseipdb.com/check/3.108.151.37,Reserved
469,0,GB,evilcorp.com,['1.2.3.4.tmitter'],156.144.156.217,4,True,,Github,,0,0,https://www.abuseipdb.com/check/156.144.156.217,Data Center/Web Hosting/Transit
470,1,US,twitter.com,['1.2.3.4.gooolge'],98.110.51.36,4,True,False,Alibaba & Rozbojnics,2021-12-14T01:52:43+00:00,2,2,https://www.abuseipdb.com/check/98.110.51.36,Data Center/Web Hosting/Transit
471,0,US,github.com,['1.2.3.4.gooolge'],41.202.190.239,4,True,,Megatron,,0,0,https://www.abuseipdb.com/check/41.202.190.239,Data Center/Web Hosting/Transit
472,0,US,megatron.com,['1.2.3.4.megatron'],216.162.41.253,4,True,False,Github,2021-09-07T20:39:27+00:00,0,0,https://www.abuseipdb.com/check/216.162.41.253,Data Center/Web Hosting/Transit
473,0,US,twitter.com,['1.2.3.4.megatron'],192.148.180.228,4,True,,Twitter,,0,0,https://www.abuseipdb.com/check/192.148.180.228,Data Center/Web Hosting/Transit
474,88,US,evilcorp.com,['1.2.3.4.tmitter'],96.56.20.58,4,True,False,Alibaba & Rozbojnics,2021-08-26T09:39:22+00:00,0,0,https://www.abuseipdb.com/check/96.56.20.58,Data Center/Web Hosting/Transit
475,0,US,github.com,['1.2.3.4.tmitter'],197.10.134.36,4,True,False,Megatron,2021-11-09T12:39:16+00:00,1,1,https://www.abuseipdb.com/check/197.10.134.36,Data Center/Web Hosting/Transit
476,16,US,megatron.com,['1.2.3.4.gooolge'],92.48.201.163,4,True,False,Megatron,2022-01-20T01:39:26+00:00,2,24,https://www.abuseipdb.com/check/92.48.201.163,Data Center/Web Hosting/Transit
477,0,US,megatron.com,['1.2.3.4.gooolge'],82.84.188.163,4,True,False,Cloudflare,2022-01-06T01:39:38+00:00,1,2,https://www.abuseipdb.com/check/82.84.188.163,Data Center/Web Hosting/Transit
478,7,US,megatron.com,['1.2.3.4.megatron'],177.246.52.208,4,True,False,Alibaba & Rozbojnics,2022-01-20T14:39:27+00:00,1,15,https://www.abuseipdb.com/check/177.246.52.208,Data Center/Web Hosting/Transit
479,0,US,albina.com,['1.2.3.4.megatron'],88.185.225.130,4,True,False,Megatron,2021-09-08T15:39:19+00:00,0,0,https://www.abuseipdb.com/check/88.185.225.130,Data Center/Web Hosting/Transit
480,0,US,ocean.com,['1.2.3.4.megatron'],36.99.178.42,4,True,False,Megatron,2022-01-21T12:39:19+00:00,1,14,https://www.abuseipdb.com/check/36.99.178.42,Data Center/Web Hosting/Transit
481,0,US,github.com,['1.2.3.4.alibab'],46.254.241.55,4,True,False,Github,2022-01-04T06:39:29+00:00,1,2,https://www.abuseipdb.com/check/46.254.241.55,Data Center/Web Hosting/Transit
482,0,US,evilcorp.com,['1.2.3.4.tmitter'],35.104.157.36,4,True,False,Twitter,2022-01-20T10:39:24+00:00,1,18,https://www.abuseipdb.com/check/35.104.157.36,Data Center/Web Hosting/Transit
483,0,US,ocean.com,['1.2.3.4.tmitter'],9.94.238.149,4,True,False,Ocean,2022-01-10T14:39:19+00:00,1,3,https://www.abuseipdb.com/check/9.94.238.149,Data Center/Web Hosting/Transit
484,0,US,evilcorp.com,['1.2.3.4.alibab'],194.154.103.41,4,True,False,Twitter,2022-01-03T14:39:23+00:00,1,5,https://www.abuseipdb.com/check/194.154.103.41,Data Center/Web Hosting/Transit
485,8,US,albina.com,['1.2.3.4.alibab'],248.208.68.14,4,True,False,Ocean,2022-01-21T11:39:22+00:00,1,22,https://www.abuseipdb.com/check/248.208.68.14,Data Center/Web Hosting/Transit
486,0,US,twitter.com,['1.2.3.4.tmitter'],140.70.213.149,4,True,False,Twitter,2021-08-28T07:39:24+00:00,0,0,https://www.abuseipdb.com/check/140.70.213.149,Data Center/Web Hosting/Transit
487,0,US,evilcorp.com,['1.2.3.4.gooolge'],221.116.245.209,4,True,False,Alibaba & Rozbojnics,2022-01-17T11:39:32+00:00,1,21,https://www.abuseipdb.com/check/221.116.245.209,Data Center/Web Hosting/Transit
488,15,US,megatron.com,['1.2.3.4.alibab'],44.180.26.113,4,True,False,Megatron,2022-01-10T10:39:19+00:00,2,19,https://www.abuseipdb.com/check/44.180.26.113,Data Center/Web Hosting/Transit
489,7,US,evilcorp.com,['1.2.3.4.megatron'],46.95.220.156,4,True,False,Ocean,2022-01-18T14:39:28+00:00,1,12,https://www.abuseipdb.com/check/46.95.220.156,Data Center/Web Hosting/Transit
490,0,US,github.com,['1.2.3.4.megatron'],227.249.72.248,4,True,False,Alibaba & Rozbojnics,2021-07-01T05:42:26+00:00,0,0,https://www.abuseipdb.com/check/227.249.72.248,Data Center/Web Hosting/Transit
491,0,US,github.com,['1.2.3.4.tmitter'],90.113.27.230,4,True,False,Github,2021-12-14T10:39:30+00:00,1,1,https://www.abuseipdb.com/check/90.113.27.230,Data Center/Web Hosting/Transit
492,0,US,github.com,['1.2.3.4.gooolge'],97.98.11.177,4,True,False,Github,2022-01-04T16:39:20+00:00,1,2,https://www.abuseipdb.com/check/97.98.11.177,Data Center/Web Hosting/Transit
493,0,US,twitter.com,['1.2.3.4.gooolge'],255.30.8.75,4,True,False,Twitter,2021-09-30T13:39:17+00:00,0,0,https://www.abuseipdb.com/check/255.30.8.75,Data Center/Web Hosting/Transit
494,95,US,evilcorp.com,['1.2.3.4.tmitter'],116.101.159.2,4,True,False,Megatron,2022-01-12T12:39:23+00:00,1,8,https://www.abuseipdb.com/check/116.101.159.2,Data Center/Web Hosting/Transit
495,7,US,twitter.com,['1.2.3.4.alibab'],108.236.147.233,4,True,False,Alibaba & Rozbojnics,2022-01-17T10:39:17+00:00,1,10,https://www.abuseipdb.com/check/108.236.147.233,Data Center/Web Hosting/Transit
496,0,US,albina.com,['1.2.3.4.tmitter'],228.45.107.238,4,True,False,Alibaba & Rozbojnics,2022-01-18T10:39:31+00:00,1,7,https://www.abuseipdb.com/check/228.45.107.238,Data Center/Web Hosting/Transit
497,0,US,twitter.com,['1.2.3.4.tmitter'],22.57.30.21,4,True,,Github,,0,0,https://www.abuseipdb.com/check/22.57.30.21,Data Center/Web Hosting/Transit
498,27,US,megatron.com,['1.2.3.4.megatron'],172.2.76.140,4,True,False,Ocean,2022-01-14T14:39:20+00:00,1,12,https://www.abuseipdb.com/check/172.2.76.140,Data Center/Web Hosting/Transit
499,0,US,ocean.com,['1.2.3.4.megatron'],179.1.16.60,4,True,False,Megatron,2022-01-03T14:39:23+00:00,1,1,https://www.abuseipdb.com/check/179.1.16.60,Data Center/Web Hosting/Transit
